-- phpMyAdmin SQL Dump
-- version 4.0.4.1
-- http://www.phpmyadmin.net
--
-- Host: localhost
-- Generation Time: Aug 03, 2013 at 02:15 PM
-- Server version: 5.5.28
-- PHP Version: 5.4.7

SET SQL_MODE = "NO_AUTO_VALUE_ON_ZERO";
SET time_zone = "+00:00";


/*!40101 SET @OLD_CHARACTER_SET_CLIENT=@@CHARACTER_SET_CLIENT */;
/*!40101 SET @OLD_CHARACTER_SET_RESULTS=@@CHARACTER_SET_RESULTS */;
/*!40101 SET @OLD_COLLATION_CONNECTION=@@COLLATION_CONNECTION */;
/*!40101 SET NAMES utf8 */;

--
-- Database: `ncufresh13_test`
--
CREATE DATABASE IF NOT EXISTS `ncufresh13_test` DEFAULT CHARACTER SET utf8 COLLATE utf8_unicode_ci;
USE `ncufresh13_test`;

-- --------------------------------------------------------

--
-- Table structure for table `calendar`
--

CREATE TABLE IF NOT EXISTS `calendar` (
  `id` varchar(3) COLLATE utf8_unicode_ci NOT NULL,
  `first_day` date NOT NULL,
  `firstday` varchar(5) COLLATE utf8_unicode_ci NOT NULL,
  `finalday` varchar(5) COLLATE utf8_unicode_ci NOT NULL,
  `event` text COLLATE utf8_unicode_ci NOT NULL,
  `longname_event` text COLLATE utf8_unicode_ci NOT NULL,
  `final_day` date NOT NULL,
  PRIMARY KEY (`id`)
) ENGINE=MyISAM DEFAULT CHARSET=utf8 COLLATE=utf8_unicode_ci;

--
-- Dumping data for table `calendar`
--

INSERT INTO `calendar` (`id`, `first_day`, `firstday`, `finalday`, `event`, `longname_event`, `final_day`) VALUES
('01', '2013-08-14', '08/14', '08/22', '取消住宿申請', '取消住宿申請', '2013-08-22'),
('02', '2013-08-16', '08/16', '08/19', '申請學雜費減免', '申請學雜費減免', '2013-08-19'),
('03', '2013-08-16', '08/16', '08/16', '開放學籍登錄', '開放學籍登錄', '2013-08-16'),
('04', '2013-08-20', '08/20', '08/20', '宿舍分發結果', '宿舍分發結果', '2013-08-20'),
('05', '2013-08-22', '08/22', '09/14', '繳交學雜費', '繳交學雜費', '2013-09-14'),
('06', '2013-09-07', '09/07', '09/08', '辦理進宿事宜', '辦理進宿事宜', '2013-09-08'),
('07', '2013-09-10', '09/10', '09/11', '中大新生營', '中大新生營', '2013-09-11'),
('08', '2013-09-10', '09/10', '09/10', '繳交兵役緩徵單', '繳交兵役緩徵單', '2013-09-10'),
('09', '2013-09-11', '09/11', '09/11', '開放選課', '開放課程加退選', '2013-09-11'),
('10', '2013-09-12', '09/12', '09/12', '健康檢查', '健康檢查', '2013-09-12'),
('11', '2013-09-13', '09/13', '09/13', '安全講習', '校園安全講習', '2013-09-13'),
('12', '2013-09-13', '09/13', '09/13', '僑外籍生中文測驗', '僑生外籍生中文測驗', '2013-09-13'),
('13', '2013-09-12', '09/12', '09/12', '適應講座', '心理適應講座', '2013-09-12'),
('14', '2013-09-12', '09/12', '09/12', '職趣測驗', 'UCAN職業興趣測驗', '2013-09-12'),
('15', '2013-09-14', '09/14', '09/14', '兵役緩徵單截止', '繳交兵役緩徵單截止', '2013-09-14');

-- --------------------------------------------------------

--
-- Table structure for table `campustour_googlemap`
--

CREATE TABLE IF NOT EXISTS `campustour_googlemap` (
  `number` int(11) NOT NULL AUTO_INCREMENT,
  `name` varchar(15) COLLATE utf8_unicode_ci NOT NULL,
  `lat` varchar(15) COLLATE utf8_unicode_ci NOT NULL,
  `lon` varchar(15) COLLATE utf8_unicode_ci NOT NULL,
  `heading` int(11) NOT NULL,
  `zoom` int(11) NOT NULL,
  PRIMARY KEY (`number`)
) ENGINE=MyISAM  DEFAULT CHARSET=utf8 COLLATE=utf8_unicode_ci AUTO_INCREMENT=63 ;

--
-- Dumping data for table `campustour_googlemap`
--

INSERT INTO `campustour_googlemap` (`number`, `name`, `lat`, `lon`, `heading`, `zoom`) VALUES
(1, 'G-14', '24.965985', '121.194209', 170, 2),
(2, 'Gym', '24.968233', '121.191173', 310, 1),
(3, 'Playground', '24.967375', '121.18991', 0, 2),
(4, 'Swim', '24.969456', '121.189283', 355, 1),
(5, 'Chungcheng', '24.968209', '121.193996', 295, 1),
(6, 'G-1-4', '24.966315', '121.192653', 270, 1),
(7, 'G-5', '24.965868', '121.193254', 5, 1),
(8, 'B-3', '24.965868', '121.193361', 195, 2),
(9, 'B-5', '24.966082', '121.195486', 270, 2),
(10, 'B-7', '24.965887', '121.195421', 195, 2),
(11, 'B-6', '24.965887', '121.195421', 130, 1),
(12, 'B-13', '24.966432', '121.19555', 75, 3),
(13, 'Library', '24.96745', '121.194565', 340, 3),
(14, 'B-11', '24.965868', '121.194777', 155, 3),
(15, 'B-9', '24.970553', '121.195627', 91, 1),
(16, 'Guoding', '24.97', '121.19405', 50, 2),
(17, 'G-14', '24.965897', '121.194268', 180, 1),
(18, 'B-n', '24.970536', '121.194413', 70, 1),
(19, 'Complex', '24.97', '121.19293', 355, 2),
(20, 'I', '24.966763', '121.194541', 155, 3),
(21, 'History', '24.9673', '121.19545', 100, 1),
(22, 'G-14-ground', '24.965897', '121.194268', 280, 1),
(23, 'Rest-7', '24.965887', '121.195421', 195, 2),
(24, 'Computer', '24.96982', '121.19375', 0, 1),
(25, 'Rest-9', '24.970553', '121.195627', 91, 1),
(26, 'I', '24.966763', '121.194541', 355, 3),
(27, 'Admin', '24.96815', '121.19555', 280, 1),
(28, 'Pine', '24.967166', '121.191059', 250, 2),
(29, 'Chalet', '24.969817', '121.19338', 0, 2),
(30, 'Cafe', '24.970541', '121.194321', 35, 1),
(31, 'Backdoor', '24.965953', '121.191085', 180, 1),
(32, 'Late', '24.965758', '121.193601', 180, 3),
(33, 'Photoelectric', '24.9699', '121.19066', 330, 1),
(34, 'Science-2', '24.969956', '121.1926', 320, 1),
(35, 'Teach', '24.971159', '121.192439', 320, 2),
(36, 'Science-4', '24.971159', '121.192396', 280, 2),
(37, 'Science-5', '24.971139', '121.192331', 50, 1),
(38, 'Manage', '24.97068', '121.193011', 120, 1),
(39, 'Hakka', '24.970622', '121.19', 60, 1),
(40, 'B-12', '24.970699', '121.195363', 340, 4),
(41, 'Show', '24.966839', '121.195507', 130, 1),
(42, 'Language', '24.968959', '121.194513', 10, 1),
(43, 'Engineering-5', '24.967424', '121.188051', 230, 2),
(44, 'Engineering-3', '24.967414', '121.188748', 350, 1),
(45, 'Engineering-2', '24.967473', '121.19114', 50, 1),
(46, 'Engineering-1', '24.966772', '121.192664', 355, 2),
(47, 'Lake', '24.969836', '121.19143', 345, 1),
(48, 'Science-3', '24.971549', '121.192254', 220, 1),
(49, 'Math', '24.971549', '121.192404', 160, 1),
(50, 'Pool', '24.970694', '121.19544', 220, 1),
(51, 'Seat', '24.96649', '121.1911085', 100, 1),
(52, 'Cloud', '24.966432', '121.193576', 70, 1),
(53, 'Elephant', '24.968902', '121.195529', 265, 2),
(54, 'Wind', '24.96791', '121.193604', 200, 1),
(55, 'River', '24.966957', '121.193233', 30, 1),
(56, 'Tree', '24.96739', '121.194005', 260, 1),
(57, 'Pen', '24.968224', '121.195427', 100, 1),
(58, 'Taichi', '24.969817', '121.19364', 170, 2),
(59, 'Grass', '24.968679', '121.192975', 0, 1),
(60, 'Hall', '24.970704', '121.194877', 0, 1),
(61, 'Zhidao', '24.965869', '121.193681', 180, 2),
(62, 'Science-1', '24.96676', '121.194539', 0, 3);

-- --------------------------------------------------------

--
-- Table structure for table `club_intro`
--

CREATE TABLE IF NOT EXISTS `club_intro` (
  `id` int(11) NOT NULL AUTO_INCREMENT,
  `catalog` int(2) NOT NULL,
  `catalogdetal` int(2) NOT NULL,
  `c_name` varchar(15) CHARACTER SET utf8 NOT NULL,
  `e_name` varchar(15) CHARACTER SET utf8 NOT NULL,
  `intro` text CHARACTER SET utf8 NOT NULL,
  `fb` varchar(40) CHARACTER SET utf8 NOT NULL,
  `contact1_name` varchar(15) CHARACTER SET utf8 NOT NULL,
  `contact1_fb` varchar(40) CHARACTER SET utf8 NOT NULL,
  `contact1_email` varchar(30) CHARACTER SET utf8 NOT NULL,
  `contact2_name` varchar(15) CHARACTER SET utf8 NOT NULL,
  `contact2_fb` varchar(40) CHARACTER SET utf8 NOT NULL,
  `contact2_email` varchar(30) CHARACTER SET utf8 NOT NULL,
  `img` varchar(50) CHARACTER SET utf8 NOT NULL,
  PRIMARY KEY (`id`),
  UNIQUE KEY `id_3` (`id`),
  UNIQUE KEY `id_4` (`id`),
  KEY `id` (`id`),
  KEY `id_2` (`id`)
) ENGINE=MyISAM  DEFAULT CHARSET=utf8 COLLATE=utf8_unicode_ci AUTO_INCREMENT=117 ;

--
-- Dumping data for table `club_intro`
--

INSERT INTO `club_intro` (`id`, `catalog`, `catalogdetal`, `c_name`, `e_name`, `intro`, `fb`, `contact1_name`, `contact1_fb`, `contact1_email`, `contact2_name`, `contact2_fb`, `contact2_email`, `img`) VALUES
(1, 0, 1, '土木工程學系', 'NCUCE', '土木工程學系在日新月異的進步科技下，隨著現代的土木工程不斷的更新進步，各領域之教學在橋樑震動、樁基量測、地盤改良、鋪面材料、水泥微觀性質、風洞試驗、交通運輸、營建管理等主題方面已具有相當發展。所開授之課程，包含了土木相關學術專業理論課程，同時為強調理論與實務並重的特色，尚有結構實驗、岩石與土壤力學實驗、瀝青材料實驗、水泥物化實驗、流力實驗、交通控制實驗、測量實習等相關實務領域的課程。', '', '廖哲俊', 'https://www.facebook.com/profile.php?id=', 'louis18241@yahoo.com.tw', '陳奕全', 'https://www.facebook.com/simon.chen.3760', 'simon_chen3@yahoo.com.tw', ''),
(2, 0, 5, '中國語文學系', 'NCUChinese', '「中央中文，人文薈萃之地。開設之課程，古典與現代交融，讓同學們不僅能體驗傳統經典之美，同時吸收現代的活力；值得一提的是，除了中文系三大必修：文字學、聲韻學、訓詁學等小學課程，還開設更多系選修，提供同學們依照自己的興趣選擇，開發多元的智識。大學生活除了學習之外，也不能缺少活動潤色。同學們可於上學期參與系學會各部門舉辦的活動，下學期亦有中文週，宣揚中文系之美。另外，中文系也有學術相關的活動：如金筆文學獎、學術論文發表會，以培養同學專業素養。中文系大家庭展開雙手，誠摯歡迎您加入中央中文的懷抱。」', '', '賴煜霖', 'https://www.facebook.com/gooddecide?fref', 'gooddecide@yahoo.com.tw', '黃嬿', '', '', ''),
(3, 0, 1, '化學工程與材料工程學系', 'NCUCME', '雖然化材系成員不多，不過卻也讓我們距離更靠近。想體驗最特別的大學生活嗎？那你絕對不能錯過化材系學會！迎新宿營、化材週、化材營缺一不可，樣樣給你不一樣的驚喜感。除了這三大活動，我們也會不定期舉辦各類型小活動，例如：快吸王、系錄影、學長姐升學經驗分享……。跟你說啦，加入化材系絕對是你最幸運、生活最豐富的四年！', '', '林政佑', 'https://www.facebook.com/adson.lin', 'abc6308774@gmail.com', '張家綺', '', 'luluca198823@gmail.com', ''),
(4, 0, 2, '生命科學系', 'NCULS', '歡迎各位新生加入系小感情好的中央生命科學系！\r\n生科系系學會是由熱情的九大部門，以及熱血的系隊所組成！\r\n為了讓各位有充滿回憶的大學生活，會舉辦一系列的活動，\r\n如北中南區迎新茶會、迎新宿營、耶誕晚會、生科週等，以及家族制，\r\n來凝聚生科系全體同學的感情。\r\n開學後我們會在院系時間向各位介紹，歡迎一起發光發熱。\r\n如有任何問題，歡迎盡情向學長姐們發問吧！\r\n', '', '黃冠倫', 'https://www.facebook.com/kuanlunjohnny', 'k5266150@gmail.com', '', '', '', ''),
(5, 0, 4, '企業管理學系', 'NCUBA', '              楔子\r\n中午的時候 我爸就把我自己留在宿舍\r\n央求留下陪我整理\r\n大屁媽竟一直說要讓我長大\r\n學校沒一個熟悉的事物 其實我好害怕\r\n企死我了 從小到大都這樣\r\n管那麼多 我恣意的在校園裡跑著\r\n系陽暉映著操場藍跑道上\r\n歡愉的我一聲驚嘆\r\n迎接我想必是不一樣的生活\r\n你準備好享受大學生活了嗎\r\n                    序章\r\n來中央兩年了，時間快到我無法想像\r\nBA氣企學會\r\n熱血運動會\r\n酷炫啦啦隊\r\n多元管理課程\r\n堅強的ERP\r\n實用的學長姐講座\r\n揮灑青春的營隊\r\n我\r\n在這裡茁壯蛻變\r\n我\r\n找到夢想了\r\n你呢\r\n                                     未完待續\r\n', '', '洪兆陽', 'https://www.facebook.com/profile.php?id=', 'momoyang82417@gmail.com', '羅心妤', 'https://www.facebook.com/ohfiblue', 'annie8205292000@yahoo.com.tw', ''),
(6, 1, 0, '棒球隊', 'NCUBaseball', '「來！舉起你的雙手，全～壘～打～」，烈日當空，紅塵飛揚，用汗水為自己寫下青春的扉頁，在那片青空下，我們揮灑熱血，馳騁在屬於我們的戰場上。我們是中央棒球隊。', '', '周衍辰', '', '', '陳宇軒', '', '', ''),
(7, 1, 1, '親善大使團', 'NCUOIASA', '若你夢想能擴展國際視野，與來自世界各地的外籍生互動，並學習更多專業能力，加入親善大使吧!中央大學親善大使於2007年正式成立，為隸屬於國際事務處的學生組織，目的為促進本籍生與外籍生間的互動，並於外賓訪校時負責接待事宜及校園導覽的服務。定期舉辦各式活動以增進彼此與外籍生的聯繫。另外會有固定相關美姿美儀、說話技巧等課程以增進自我多方實力。加入親善大使，不僅能與外籍生交流，於專業能力與社交能力也會有更多的成長! \r\nJoin us!', '', '張溱雅', '', '', '葉庭安', '', 'dianeyieh@gmail.com', ''),
(8, 0, 2, '光電工程與科學學系', 'NCUDOP', '2006年成立中央大學光電科學與工程學系，開始招收大學部新生，培養國內高級光學專長人才。因本系師生不僅在學術上有優異的表現且多年來與企業密切合作，所培育之人才亦得企業界之重用，因而在籌備光電系時(2005年)獲台達電子贊助興建專屬本系之光電大樓(國鼎光電大樓)。\r\n本系還設有專屬的自修室與電腦教室，提供學生舒適的讀書環境。另外，光電大樓還是很多拍婚紗、拍片、拍廣告的熱門地點!羅志祥也曾來拍過樂事廣告呢!\r\n', '', '黃靜薇', 'https://www.facebook.com/profile.php?id=', 'i828216@yahoo.com.tw', '杜欣憶', 'https://www.facebook.com/profile.php?id=', 'yf853000@hotmail.com', ''),
(9, 0, 0, '地球科學學系', 'NCUEarth', '中央地科系所是國內老字號的地球科學大本營，己經為國家培養不少優秀地科人才，本系立屬於地球科學院，而中央大學在臺復校之初(民51)，即以地球物理研究所做為最早成立的研究所，因此地科院可以說是中央大學最"資深"的學院。中央地科在國內外有許多良好的學術成就，其名聲乃是遠近馳名。此外，也是臺灣地球物理研究首屈一指的先驅。另外，中央地科每年會與大氣系舉辦「金字招牌--地科營」，吸引全臺各地高中生參加。系上每年都會參與全校性的大活動，展現地科系人一家親的優良傳統，學長姐與老師們都非常喜歡與學生互動，亦師亦友的感情更是本系的特色。更令人期待且興奮的是，地科系的同學每年都會至少有一次的野外課程，老師親自將帶領著同學們實際到野外量測地質構造、露頭描繪還有岩石樣本的採集等等，這更是本系與其他系所最大之不同處，也是地球科學如令人著迷的原因之一呀!', '', '陳勁燁', '陳勁燁', 'k8813940518@gmail.com@gmail.co', '洪瑞駿', 'https://www.facebook.com/ruijunh', 'supertyphoon100@gmail.com ', ''),
(10, 1, 1, '小松鼠志工隊', 'NCUVolunteer', '我們隸屬於學務處諮商中心下的一個團體，性質偏向輔導志工，\r\n平日除行政值班及支援學校其他活動外，\r\n也有凝聚力、同理心工作坊等志工訓練課程。\r\n在老師們的帶領下，我們藉由各種工作坊、出隊、參與服務性活動，\r\n讓大家在學習中自我探索及成長，\r\n除了認識身邊的志工夥伴，我們更強調推己及人的能力，\r\n大家就像是一個大家庭般，\r\n在小松鼠的團體中，處處都看的見彼此的默契，\r\n期盼你/妳的參與。', '', '蔣凱晴', '', '', '何昱璋', '', '', ''),
(11, 2, 0, '台中南投地區校友會', 'NCUTaichung', '哈囉!!! 活潑可愛的大一的小朋友們!!!\r\n我們是台中南投地區校友會，也就所謂的中友會\r\n剛進來大學是不是對很多事情都很陌生阿\r\n琳瑯滿目的社團是不是不知道該參加甚麼阿\r\n18年以來第一次離開家鄉，我們帶領你們熟悉這個陌生環境吧\r\n我們暑假的時候有迎新宿營、寒假有返鄉服務的活動、中友周\r\n除此之外我們還有中友運動會、中友會慶、食字路口、返鄉專車、社大的一大堆活動等著你們參加喔\r\n上大學了同一個地區出生的孩子們都會有相同的默契\r\n多認識很多很多朋友，我們會經由這一系列的活動大家感情會超好的\r\n中友會誠摯邀請你們加入 (PS非台中地區的同學也可以參加我們中友會喔)', '', '黃耀庭', '', 'huangyaoting30@gmail.com', '', '', '', ''),
(12, 2, 0, '信心之家', 'NCUFaith', '在廣大的校園裡，你是否感到迷惘而不知去向；在冷清的黑夜裡，你是否渴望能夠得到一絲溫暖；在平淡的生活裡，你是否希望愛可以在更多一點點？\r\n我們是信心之家，是一個愛的團契，有耶穌基督的愛，在我們中間。因著他愛，在信心之家，你可以找到方向；因著他愛，在信心之家，你能夠被關懷；因著他愛，在信心之家，有無窮無盡的愛！在中央大學的每時每刻、每分每秒，都期待著我與你相遇的機會。信心之家的大門永遠為你敞開！', '', '李盼琳', '', 'panlin6363@gmail.com', '', '', 'home.of.faith@gmail.com', ''),
(13, 2, 0, '台南校友會', 'NCUTainan', '擔心離家太遠的那種孤單寂寞嗎？\r\n沒關係，南友會給你台南人滿滿的熱情。\r\n擔心不同高中大家無法混熟嗎？\r\n沒關係，即使我們現在沒有共同的回憶，\r\n在未來的日子裡，南友會幫你創造屬於你們，我們的記憶。\r\n而我們也會定期舉辦一些活動聚會以及出遊，增進彼此的情感，讓大家在遙遠的中央大學，也能彷彿呼吸到台南溫暖的空氣。加入南友會，給你像~家的感覺。\r\n誠心的歡迎加入南友會。', '', '郭泰麟', '', 'emptygamer5566@gmail.com', '', '', '', ''),
(14, 0, 5, '法國文學系', 'NCUFrench', '為你開啟通向法國、通向法語文化圈、通向歐洲、通向多元世界觀的門徑。\r\n\r\n本系教學不只在於要求學生學習一種號稱「世界最美」的「溝通工具」，也在於學習一種別具組織性與邏輯性、充滿「理性主義」色彩的「思惟模式」。同時，除去針對「特定文化」從多種角度進行綜合探索以資吸收相關的「人文知識」以外，還有藉以培養「文化創意」的作用，特別是在連帶激發的「文化反省」當中，獲得充滿意外驚喜而且終身享用不盡的「思想啟迪」。\r\n', '', '蘇榆婷', 'Su Yu-Ting', 'nyy02132540k@gmail.com', '羅于涵', 'https://www.facebook.com/yohansmile', 'yohansmile@gmail.com', ''),
(15, 2, 0, '雲嘉會', 'NCUYunChia', '雲嘉南平原\r\n豐饒的大地上\r\n孕育著生生不息的生命\r\n樂觀 純樸 而且堅強\r\n\r\n離開了熟悉的故鄉\r\n這裡是片陌生的土壤\r\n不一樣的景色\r\n不一樣的氣候\r\n不一樣的文化\r\n\r\n會不會迷失方向\r\n會不會失去自我...?\r\n\r\n加入雲嘉會吧!\r\n\r\n雲嘉會\r\n可以是為你遮風避雨的避風港\r\n可以是讓你認識新朋友的平台\r\n可以是給你溫暖的一個大家庭\r\n\r\n在這裡\r\n我們會舉辦迎新、烤肉、雲嘉返服、雲嘉出遊、雲嘉盃等各種活動\r\n為的就是希望給在中央打拼的雲嘉子弟有家的感覺\r\n中大最溫暖的角落\r\n中央雲嘉 歡樂一家!', '', '朱竑憲', 'https://www.facebook.com/profile.php?id=', 'louis6214@yahoo.com.tw', '商君雅', 'https://www.facebook.com/profile.php?id=', '', ''),
(16, 2, 0, '彰化校友會', 'NCUCH', '離開溫暖的中部，隻身來到北部的同鄉們，是否感到有些兒害怕無助？有些兒覺得徬徨無依？別擔心，有彰友會的強壯肩膀給你靠！ 　　\r\n 　　在中大總是被人這樣讚頌：「有彰友人的地方，就有滿滿的歡笑與熱情！」沒錯！彰友會就是這樣的地方，這裡有最親切的家爸媽為你開道，任何疑難雜症，只要在這個大家庭裡，隨時有最專業的資深學長姐們爲你解答；任何傷心憂愁，踏進這一方天地，都將煙消雲散，剩下的是歡樂笑容！　\r\n 　　我們都來自同一個地方，有類似的文化，有類似的背景。　\r\n 　　我們就是一個根，一個家，就像是避風港，可以無所顧忌的大笑，可以胡言亂語的大聊，最簡單最真誠的笑容，最緊緊相吸的連結。中央最強的校友會，中央彰友，學長姐們都等著你的懷抱！', '', '蔡佳晟', '', 'jerry50206@yahoo.com.tw', '顏揚哲', '', 'erhlin050708@gmail.com', ''),
(17, 0, 2, '物理學系', 'NCUPhysics', '中大物理系跟其他傳統物理系所非常不一樣，有改革過的課程，不同他校的訓練，在裡面可以真正學到理論與實驗。\r\n當然，物理系學生參加課餘活動也是不留餘力，除了物理週、傳情外，理財逃走中、物法聖誕趴等跟外系聯合的大活動，更有中央最古老的暑期營隊──科研營，不論課程、活動都是中央頂尖的水準，每個都是能文能武的菁英，絕非一般人對物理宅男的想像。\r\n歡迎大家快來跟物理系當好朋友。\r\n', '', '溫永瀚', 'https://www.facebook.com/yonghan.wen', 'a132768119@gmail.com', '蔡孟憲', 'https://www.facebook.com/profile.php?id=', 'phyxquark@gmail.com', ''),
(18, 2, 1, '慈青社', 'NCUTzuChi', '　　今日中央天氣晴～雙手白鴿校園淨！\r\n　　藍天白雲攜手行～愛灑社會等著您！\r\nThe right thing: Just Do It! 想將年輕的光芒照亮黑暗的角落；大學的熱血溫暖孤獨的心靈嗎？\r\n加入中大慈濟青年社，我們將一同以行動為青春做見證～\r\n環保淨灘、兒童課輔、募書送愛、手工DIY、素食廚房、歡樂社出遊……應有盡有！\r\n只要您有一顆服務的心，歡迎報名參加任何活動！\r\n※本學期中大慈青社與學校合辦「自備環保碗筷集點活動」～\r\n有時數唷！歡迎大家愛護地球從減量垃圾做起～', '', '莊詠傑', '', 'jack305688@hotmail.com', '陳星妘', '', 'una_50127@yahoo.com.tw', ''),
(19, 2, 1, '汪汪社', 'NCUDOGS', '汪汪社主要以TNR(捕捉、結紮、原地放回)的方式，協助解決流浪動物問題。在不傷害任何生命的前提下，藉由實施絕育及送養，以減少流浪動物的數量；並且協助學校，創造人與狗和諧相處的環境，讓愛狗、不愛狗、怕狗、不怕狗的人們，都能自在的生活在校園中；另外基於人道關懷，對於校園內出沒的流浪狗協助醫療與推動認養，為流浪狗找個溫暖的家，希望我們一點點的付出，能夠扭轉他們的一輩子。歡迎有熱忱的你一起加入我們的行列!', '', '李亭穎', '', 'tyng9520@gmail.com', '', '', '', ''),
(20, 0, 4, '財務金融學系', 'NCUFN', '本系教師研究成果豐碩，國科會財金系所評比中多項指標全國第一，在Pacific Basin Finace Journal亞太170大學評比中，為台灣唯二前二十名，因此除了師資優異資源也很齊全。大學部有財金與會計學程，讓同學依需求，培養財管及會計專業。管院也有豐富的資源如ERP學程學習企業資源規劃。\r\n　　財金系的同學不只熱衷學習，也喜愛於活動中成長。系學會舉辦各式活動，如卡拉OK比賽及系烤肉讓你有機會認識學長姐；有書卷、研究所講座等讓你能掌握大學的學習升學重點。每年暑假辦的財金營因為好玩學習佳而口碑讚人爆滿！\r\n', '', '丁鈺軒', 'https://www.facebook.com/profile.php?id=', 'soos180@yahoo.com.tw', '原海嘉', 'https://www.facebook.com/ayuan2', 'dog10151@hotmail.com', ''),
(21, 0, 2, '理學院學士班', 'NCUSCI', '緣起：\r\n本校在教育部「追求卓越大學與頂尖研究中心」計畫中爭取到21個大學部學生名額，成立一個不分系的理學院學士班，讓同學能充分發展個別的興趣，並獲得跨領域的研究能力。 \r\n近年跨領域人才逐漸成為社會人力需求的主流。這樣的畢業生，需要有堅實的基礎能力，而同時具備廣泛的知識。本班透過「專長領域必修」與「跨領域選修」的方式，讓學生一方面需要在一個領域深入學習，一方面也具備跨領域的知識與研究能力。 \r\n介紹：\r\n理學院學士班教育目標、核心能力、核心能力對應 \r\n97學年招收第一屆15位學生，目前為第五屆，共有學生81人。 \r\n獨立系所，設班主任一人，99、101學年度由理學院光電系陳怡君助理教授擔任。 \r\n特色：\r\n一、學士班採院進院出，新生入學不分系所，讓學生有時間充分瞭解自己的興趣與能力。\r\n二、一年級課程以語言、邏輯、基礎科學、文化素養為主，並輔以獨立學習研究的訓練。\r\n三、高年級後則採「研究領導教學」方式，讓學生接受專業領域的知識，並強調跨領域的學習。選修課程比一般學生較為有彈性。\r\n\r\nhttp://web.cc.ncu.edu.tw/~ncu65002/\r\n', '', '李國瑜', 'https://www.facebook.com/profile.php?id=', '', '李宜璋', 'https://www.facebook.com/zehasz1116', 'zehasz1116@yahoo.com.tw ', ''),
(22, 0, 3, '通訊工程學系', 'NCUCOMM', '我們充滿著熱血\r\n每學期會辦許多有趣的活動，讓大家Crazy 同樂\r\n\r\n我們擁有著熱心\r\n當課業遇到困難，有許多學長姐幫你度過難關\r\n\r\n我們人人有天賦\r\n各式各樣的舞台，等著你們來發揮  綻放光芒\r\n\r\n不害怕跑活動 通霄爆肝\r\n夥伴相挺  勇往前進\r\n不擔心常耍廢 慘遭二一\r\n考前諮詢  PASS  EASY!\r\n\r\n溫馨通訊大家庭\r\n感情和樂溫情處處行\r\n還在等什麼?  趕快融入通訊系這大家庭!!!!!!\r\n\r\n中央通訊系 與你『通電』零距離\r\n中央通訊系 征服你的心♥\r\n', '', '曾子庭', 'https://www.facebook.com/profile.php?id=', 'w40268@yahoo.com.tw', '謝孟彤', '謝孟彤', 'pud_0825@hotmail.com', ''),
(23, 0, 4, '經濟學系', 'NCUECO', '經濟系，\r\n親切又和藹的教授和助教，\r\n熱情無比的學長姐，\r\n豐富的經濟學課程，\r\n讓你更深入了解，\r\nWhat is economics ?\r\n\r\n課外的系學會，\r\n讓你參與各式各樣的活動，\r\n初次見面的期初系大，\r\n翩翩起舞的浪漫舞會，\r\n一展歌喉的卡拉OK大賽，\r\n還有傷感離別的送舊\r\n\r\n一切，\r\n都等你進來中央經濟系，\r\n我們一起來體驗!!!\r\n', '', '李育霖', 'https://www.facebook.com/profile.php?id=', 'kobebrn727@yahoo.com.tw', '陳彥蓉', '', 'alicechen1125@gmail.com', ''),
(24, 0, 4, '資訊管理學系', 'NCUMis', '\r\n資手遮天 管遍天下\r\n中央資管 全國制霸\r\n\r\n歡迎加入 中‧央‧資‧管\r\n', '', '康心柔', 'https://www.facebook.com/profile.php?id=', 't321re@hotmail.com', '徐銘謄', 'https://www.facebook.com/j22724?fref=ts', 's711143s@gmail.com', ''),
(25, 0, 2, '數學系', 'NCUMA', '歡迎各位學弟妹加入數學系的大家庭，\r\n請快點加入屬於你們的社團，和未來的同學聯絡聯絡吧!\r\n最新消息和平常的疑難雜症，都可以在這裡找到解答喔^^\r\n\r\n', 'https://www.facebook.com/groups/53175231', '高映慈', 'https://www.facebook.com/stephy.kao', 'stephy_0929@hotmail.com ', '洪維柏', 'https://www.facebook.com/profile.php?id=', 'ntp9353718g@gmail.com', ''),
(26, 0, 3, '資訊工程學系', 'NCUCSIE', '面對中央資工，你忐忑嗎?徬徨嗎?\r\n只要你願意敞開心胸\r\n只要你願意放下包袱\r\n同學們、學長姊、學弟妹，大夥打鬧一片不稀奇\r\n"全中央最溫馨的大家庭"\r\n\r\n在中央資工的四年裡\r\n想變成資訊神人?還是打Game魔人?\r\n又或者是揮灑青春熱血的活動狂人?\r\n都不負所望！\r\n中央資工‧讚啦！！\r\n', '', '葉彥廷', 'https://www.facebook.com/henry.yeh.39?fr', 'y2t01075187@hotmail.com ', '黃泓霖', 'https://www.facebook.com/profi', 'zzz0982938@hotmail.com.tw', ''),
(27, 0, 5, '英美語文學系', 'NCUEnglish', '中央大學英文系師資陣容堅強、課程內容多元、且具活力。\r\n不同於他校英文系有所謂的必選課程，以必選課群的方式，\r\n鼓勵學生依個人興趣、專長來選擇課程，打造個人專業。\r\n本系師資學術活力豐沛，\r\n本系教師集結研究興趣組成學術研究群，\r\n形成鮮明的系所特色，包括性／別研究、電影及表演研究等尖端領域。\r\n除學業上資源完備，系上也定期舉辦活動讓同學間聯絡感情，\r\n期初與期末系大會之外、有小英盃，及一大型系上活動「西方潮流藝術月」，\r\n讓成員在學業之外更有精彩的生活面向！\r\n', '', '林品萱', 'https://www.facebook.com/profile.php?id=', 'adelie13140@yahoo.com.tw', '張珈庭', 'https://www.facebook.com/people/%E5%BC%B', 'sally200294@hotmail.com.tw', ''),
(28, 0, 2, '化學系', 'NCUChe', '化學系為中央理學院中最有特色的系之一，系上擁有充足的器材以及師資，也有從國外特聘來的專業專題教授，讓想進實驗室的同學可以有最完善的規劃。\r\n除了課業之外，大學不外乎要有豐富的社團資源及活動經歷，這些在化學系都找的到唷，系上有各式各樣的系隊，包刮籃球、排球、羽球、桌球、……等，讓大家可以在大學生活中精采不留白。\r\n最重要的是，化學系有非常優質的系學會，讓系上各年級感情可以長長久久，加入化學的大家庭絕對讓大學生活課業、活動、朋友，三個願望一次滿足。\r\n', '', '陳相榮', 'https://www.facebook.com/hsiangjung.chen', 'a_agoodwater123@yahoo.com.tw', '鄭兆軒', 'https://www.facebook.com/profile.php?id=', '100203015@cc.ncu.edu.tw', ''),
(29, 2, 1, '原愛社', 'NCUAborigine', '想奔馳於復興鄉小學操場上揮灑青春汗水嗎?\r\n想看著天真可愛的小朋友在你懷裡純真的笑嗎?\r\n加入原愛社 一起扶持 一起感動\r\n寒暑假有長期出隊的活動\r\n舉辦營隊給身處偏遠山區的孩子\r\n把歡樂帶給他們的同時也有教育的意義\r\n除了上山服務原住民孩童外\r\n原愛社的目的也在於傳承原住民的文化\r\n所以也有原住民舞蹈表演及戲劇演出\r\n讓想更加了解台灣原住民文化的人一個學習的管道你還在猶豫嗎? \r\n趕快加入我們這個溫馨大家庭吧\r\n中央原愛 緣你所愛\r\n中央原愛 永遠不敗', '', '林岑蔚', '', 'jonathanking9136@gmail.com', '俞佳勳', '', '', ''),
(30, 2, 1, '基服社', 'NCUGF', '基服社，以全名來說就是：基層文化服務社，我們是為基層文化的小朋友，帶給歡笑，一起學習成長的一群大哥哥，大姐姐們。社窩在遊藝館的三樓，入社方法，可以先來期中營，所謂期中營即為我們在中壢附近的國小服務。在期中營完的出隊也是一項不錯選擇，出隊，事實上就是我們基服的宗旨的呈現。我們不只有期中營和出隊這些和小朋友連繫的活動，平常也有連絡大家感情的各種活動喔。\r\n加入基服，絕對幸福！！加入基服，舒舒服服！！', '', '林子翔', '', 's82419@gmail.com', '', '', '', ''),
(31, 2, 2, '太極社', 'NCUTaiChi', '中央太極社成立於民國58年，又名士一堂，民國76年由王宗師子和為紀念張士一先生而命名。起初由張老師極漢指導，初名國術社，先後指導老師均以承先啟後，崇德廣業之心，教授楊氏太極廣法一系武藝。\r\n本社以研究太極拳之理論與實際應用，以達健身自衛、修身養性為宗旨。期望學員最後都能實踐太極精神於生活中，達到真正的「太極人生」。\r\n社課於遊藝館地下室，會有老師授課。\r\n周一至周五早上於舊圖藝文中心門口有晨練，用以複習社課所學。', '', '劉重佑', '', 'willy2009111@yahoo.com.tw', '賴彥佐', '', '', ''),
(32, 2, 2, '羽球社', 'NCUbadminton', '對羽球有熱情的你，是否想要更深入的瞭解羽球技術及實戰運用呢？\r\n現在就加入羽球社吧！\r\n我們有專業級的教練指導基本、進階擊球動作以及單打、雙打觀念；社內學長姊經驗豐富，任何問題都能為你解惑。\r\n有充裕的時間及場地自由練習，也提供比賽級羽球進行雙打競技，絕對是你增長球技的好機會！\r\n另外還會定期舉辦社內賽，豐富的獎品等你來拿！\r\n每週日晚上在羽球館，不見不散！', '', '胡順凱', '', 'sam19930204@hotmail.com', '', '', '', ''),
(33, 2, 2, '國樂社', 'NCUCMC', '國立中央大學國樂社成立於中華民國62年2月，社址設於台中央大學游藝館207室。推開玻璃大門，映入眼簾的就是各式各樣的樂器靜靜佇立在寬敞明亮的社辦裡。每個樂器背後都有著自己的故事；斑駁的外漆似乎在娓娓訴說著一場場的比賽、表演，以及國樂社多年來的歷史。\r\n    在秉持著「發揚中國傳統音樂、加強同學對國樂認知、協助學校推行有關音樂之宣導」的理念下，由指導老師張永欽老師帶領，和許多志同道合的國樂社員參支持，本社常在全國音樂大賽履獲佳績。', '', '謝忻', '', 'shin11077@gmail.com', '曹宇賢', '', '', ''),
(34, 2, 2, '國標社', 'NCUDance', '剛上大學的你/妳，面對五花八門的社團，卻不之何去何從。不管你會不會跳舞，只要有著一顆愛跳舞的心。不要懷疑，國標社是你的第一選擇，我們有最熱情的學長姐。不要再對國標社有任何的刻板印象，誰說不能放著Rihanna的歌跳恰恰，誰說不能聽著青花瓷跳倫巴。想變瘦變美變苗條，加入國標社，在你的大學生涯留下最美好璀璨的回憶。', '', '柯柏誼', '', 'ppi310601@hotmail.com', '', '', '', ''),
(35, 2, 2, '現代舞蹈社', 'NCUMD', '中央大學舞蹈社的成立主要是因為雲門駐校開課的推力，中央大學的學生們在上完「與雲門共舞」的課程之後，發覺自己對舞蹈的熱愛，因而成立了現代舞蹈社。不要擔心沒有舞蹈基礎，更不用擔心肢體不協調，每個人的身體就有潛藏的能量跳現代舞。\r\n想親身經歷現代舞帶來的快樂嗎？想把心中的所思所感用舞蹈動作展現出來嗎？現代舞蹈社歡迎想跳舞、想學現代舞的朋友們！讓我們隨著音樂翩翩起舞！', '', '陳姿羽', '', 'as8815179@yahoo.com.tw', '', '', '', ''),
(36, 2, 2, '圍棋社', 'NCUGO', '大家好～我們是中央大學圍棋社！圍棋是一種可以動腦又充滿無限變化的棋子遊戲\r\n但是你以為圍棋社就是整天坐在位子上然後安靜的瘋狂動腦嘛？那你就錯了！\r\n圍棋社可以下棋 聊天打屁 玩桌遊 有事沒事就可以衝夜唱 最重要的是有帥氣的社長和他可愛的貓咪可以玩！\r\n這麼棒的社團 不參加就太可惜了！\r\n而且我們每年都一堆比賽大家一起出去玩 社出遊一堆 總之就是非常快樂的社團啦！！！\r\n歡迎參加中央大學圍棋社！！', '', '葉罡廷', '', 'mariakoutei42@gmail.com', '', '', '', ''),
(37, 2, 2, '象棋社', 'NCUchess', '中大象棋社是以發揚傳統優良國粹，以及讓大家能以棋會友為宗旨，希望大家能一同樂在”棋”中，享受象棋帶給大家的歡樂，此外，我們每年也會定期出去比賽為校爭光，多年來也累積了許多比賽的成果。\r\n歡迎對象棋有興趣的朋友一同參加，不論是高手還是剛學棋的朋友，都可以一起來體會象棋帶給大家的樂趣。', '', '謝昕哲', '', 'best1by1@yahoo.com.tw', '', '', '', ''),
(38, 2, 2, '網球社', 'NCUTennisT', '本社是屬於體育性質的社團，社內都是愛好網球運動的同學。來這裡不但可以增進球技，也可以紓解ㄧ下繁重的課業壓力，更可以結交同好。除了在球技上求進步之餘，更重要的就是學習如何人與人之間的相處之道、培養「勝不驕，敗不餒」的精神和網球的紳士風度。就算只將網球當作一種休閒活動，您也會發覺網球的樂趣。想成為球場上那顆耀眼的星星嗎?!別再猶豫了，快加入我們的行列吧!', '', '劉名昊', '', 'liuminhaw@gmail.com', '', '', '', ''),
(39, 2, 2, '劍道社', 'NCUKENDO', '想要試試揮灑青春的感覺嗎？對劍道有興趣卻不知從何學習嗎？想要減肥嗎？加入劍道社，三個願望一次滿足！我們的練習時間是禮拜一、三、五，在遊藝館地下室， 由劍道七段的老師來帶領大家進入劍道的世界，希望有興趣的同學多多參加我們的練習！', '', '陳柏勳', '', 'astraygoldmina@gmail.com', '張博翔', '', '', ''),
(40, 2, 2, '熱門舞蹈社', 'NCUPopDance', '跳舞是什麼? \r\n有人說是藝術，是語言\r\n是音樂的表現，或是人生的體現\r\n也許我們還不懂這麼多\r\n我們只知道\r\n因為跳舞，我們聚在一起、我們認識自己\r\n藉由跳舞，我們對世界展現我們的熱情', '', '方嘉筠', '', 'jiayunfang109@yahoo.com.tw', '', '', '', ''),
(41, 2, 3, '天文社', 'NCUastro', '天文社自1969年創立，是中大歷史最悠久的社團。現今的中大天文社，有多項營隊，也會上山去看星星，舉辦社出遊，慶生會等多樣活動。來到天文社，你想學什麼都學得到！\r\n\r\n目前天文社分為以下三大部門：\r\n\r\n*行政部門：綜理社務、與學校單位聯繫的地方，包括預算審查、跑公文時數，設有社長部、秘書部、財務部。\r\n*專業部門：看星星與架望遠鏡的魔幻仙境。超適合有天文背景的你，設有儀器部、星導部。\r\n*活動部門：眾多活動的誕生地。適合喜歡跑活動的你，設有公關活動部、資訊宣傳部。', '', '羅仲宏', '', 'chunghung1992@gmail.com', '', '', '', ''),
(42, 2, 3, '布研社', 'NCUPDS', '本社於96學年度成立，為替中央愛好布袋戲的人提供一個交流的平台。布袋戲是中華的傳統文化，從17世紀的傀儡戲演變至今，因戲偶偶身極像「用布料所做的袋子」，因此以布袋戲通稱。由於布袋戲在角色詩號，旁白詞句，甚至人物對話的內容上經常會引用到許多國學典故，加上動聽的中國弦樂以及鼓樂的搭配，以及動人心魄的劇情，交織出了一個似真且實、瀟灑高昂的武俠世界。看到這裡，還不趕快一起加入我們，走進這動人心弦的武俠世界嗎!?', '', '李曜任', 'https://www.facebook.com/exiaarioslee?fr', 'wingflyexia@gmail.com', '楊蓁', '', 'snowflower1119@yahoo.com.tw', ''),
(43, 2, 3, '法輪功社', 'NCUFalunDafa', '很多人都很疑惑，法輪功是什麼？常在路上看見這群人的身影，\r\n他們每日自發地，不論晴天或雨天站在街頭發資料。他們發自內心，希望將美好帶給有緣的人！\r\n法輪功也稱法輪大法，是由李洪志先生於1992年5月傳出的佛家上乘修煉大法，以宇宙最高特性「真、善、忍」為根本指導。經全世界億萬人的修煉實踐證明，法輪大法是大法大道，不但能讓真正修煉的人提高到高層次，同時對穩定社會、提高人們的身體健康和道德水準，起到了正面的作用。', '', '劉晏汝', '', 's410153@yahoo.com.tw', '', '', '', ''),
(44, 2, 3, '演辯社', 'NCUDebate', '大家好〜我們是演辯社。我們培養的是你平常待人接物、與人閒話家常，甚至往後上台報告、畢業找尋工作時與人交流的軟實力。社課的內容主要也就是在教導你如何有條理的表達自己的想法，培養當你站在台上面對觀眾還能侃侃而談的自信，甚至讓自己看待事物時更加全面。此外，我們也能在辯論賽中找到自己的舞台，讓大家了解自己的實力並從中學習。\r\n加入我們，絕對會讓你的大學生活更加充實。', '', '劉柏良', '', '', '呂易', '', 'luyi97@yahoo.ca', ''),
(45, 2, 3, '酷兒社', 'NCUqueer', '酷兒社是個關注多元性/別議題的社團，每周社課會請不同的講者來談各種與性/別有關的主題，例如認識多元性別、男女同志族群文化、安全性行為、同志Ｇ片與女性主義等等的議題，上學期初的十月底也會帶社員一同參加台北同志遊行。歡迎對各種性/別議題有興趣的朋友加入。\r\n　　本社團有FB私密社團，請搜尋社長FB表明身分後由其將你加入。詳細社課資訊以及活動消息可上FB搜尋粉絲專頁: "中央酷兒與女性文化研究社"。', 'https://www.facebook.com/NCUQueeer?fref=', '小狸', 'https://www.facebook.com/Anderson.Julian', '', '尾翼', 'https://www.facebook.com/profile.php?id=', '', ''),
(46, 2, 3, '模擬聯合國社', 'NCUmum', '模擬聯合國，全名Model United Nations，簡稱MUN。 顧名思義，即仿造聯合國現行的制度而成。會議的進行及整個組織架構均是以聯合國為依據，參照聯合國現行的制度而成，由參與者扮演不同國家的外交官、代言人，於會議期間針對特定議題進行辯論、協商、談判進而達成共識，完成一份草案。社課內容多元廣泛，透過辯論、模擬會議和專題報告等等培養社員成為在會議廳中能夠獨當一面的代表員。', '', '田博鈞', '', 'dinosaur82610@hotmail.com', '蘇榆婷', '', '', ''),
(47, 2, 3, '機車研究社', 'NCUMoto', '中央機研，一個屬於玩車人的天地！喜歡騎乘機車卻總找不到人一塊熱血？心愛的車出了問題又該如何是好？想要加入過彎高手的行列卻苦無門路？喜歡欣賞刺激又精彩的摩托車賽事？在中央機研就通通幫你解決！在東眼山看滿天星斗，熱愛機車的學長姊幫你解決愛車的疑問，一塊在賽車場裡揮灑青春的汗水，一起欣賞各種不同的精彩賽事。中央機研都歡迎你進來坐坐，征服陸地上所有能奔馳的處所!', '', '黃品端', '', 'jay30282@msn.com', '', '', '', ''),
(48, 2, 3, '戲劇社', 'NCUDramaClub', '「愛戲，惜戲，看戲，演戲」，不論你只是喜歡看戲或單純熱愛表演，都歡迎你加入戲劇社大家庭，並熱誠邀請各位觀賞戲劇社每學期固定演出！', '', '林嘉芸', '', 'lc5309632@gmail.com', '', '', '', ''),
(49, 2, 3, '證券研究社', 'NCUSRS', '本社團為中央少有的社會化社團之一，志同道合的同學們齊聚一堂研究金融市場。\r\n透過推廣模擬交易以及實際在市場上操作，以及定期的社課和不定期的講座，帶領大家學習投資、認識市場、解讀市場訊息，更深入了解證券金融市場的脈動。\r\n不管你是初學者還是專家；大學生或博士生，只要有興趣，我們都歡迎你來互相學習。\r\n', 'http://goo.gl/388jM', '李其恆', '', 'atpainslch@gmail.com', '林郁珊', '', '', ''),
(50, 2, 3, '覺聲佛學社', 'NCUBuddhism', '「人生這條路並不長，但卻不好走；因此必須時時謹慎，切莫迷了路，走錯了方向。」\r\n你曾經整日奔波忙碌，卻在騎牛歸家時感到不知所為何來？徘徊在人生的路口，徬徨不知該何去何從？面對排山倒海的考驗與壓力，害怕失去簡單的快樂、最初的夢想？\r\n「心隨萬境轉，轉處實能幽，隨流認得性，無喜復無憂。」\r\n覺聲佛學社邀您淨化心靈、端正智慧、法喜充滿，擁有健康開闊的心胸，接受(青)春吶(喊)的壓力與挑戰，進而能力濟人群、回饋社會。', '', '林彥廷', '', 'optimistlin@gmail.com', '', '', '', ''),
(52, 2, 0, '松山校友會', 'NCUSongShan', '', '', '林佳緯', 'https://www.facebook.com/profile.php?id=', '', '', '', '', ''),
(53, 2, 0, '蘭陽校友會', 'NCUkavalan', '中央的蘭陽子弟們聯絡感情的好地方，而在學期中我們也會舉辦蘭陽週，讓全校都有機會認識並品嘗蘭陽道地特產之美。\r\n', '', '黃群祐', 'https://www.facebook.com/profile.php?id=', '', '李嘉昀', 'https://www.facebook.com/profile.php?id=', '', ''),
(54, 2, 0, '新竹校友會', 'NCUHsinChu', '我們是來自新竹地區的學長姐^___^\r\n大一的新生們來到中央之後，對於新環境一定相當的陌生\r\n不用擔心！我們就是為了你們這些可愛的孩子而存在\r\n竹友會聚集了來自新竹及苗栗各區的高中，想必大家會覺得同鄉才是最親切不過的吧！\r\n你一定會懷疑「竹友會！！是什麼奇怪的社團？」\r\n想知道就來看看吧！你可以跟我們一起找到這個社團的意義喔：）', '', '劉謹志', '', 'david.king.lin@gmail.com', '李雅姿', '', '', ''),
(55, 2, 0, '金門校友會', 'NCUKinmen', '中央金門校友會,一群由金門學生所組成,在每年的下學期會舉辦金門週活動,讓大家了解金門戰地文化與老式福建閩南市建築,享用金門特有美食,像是貢糖.牛肉乾.麵線等等特產,透過舉辦活動,使社團人員更加緊密,藉由中央金友會,讓進入中央的各位新生們,也有像家一般的依靠,大家聯絡感情,一起舉辦活動,分享生活上的喜怒哀樂,一起面對大學的困難,提供幫助。所以,金門的孩子們,趕快加入我們吧!!!', '', '李彥欣', 'https://www.facebook.com/profile.php?id=', 'yew0202@yahoo.com.tw', '陳其瑞', 'https://www.facebook.com/chikuai', 'yaya50224@yahoo.com.tw', ''),
(56, 2, 0, '咖啡社', 'NCUCafeClub', '當幸福來敲門的時候，你看過嗎\r\n你期待過那股香氣，那股溫暖嗎?\r\n若是幸福是一個人，你認識她本人嗎?\r\n若是幸福是一首詩，你知道他的標題嗎?\r\n若是幸福是一個社團，你知道他叫甚麼嗎?\r\n\r\n這裡是咖啡社\r\n這裡，所擁有的不只咖啡\r\n還有小小的幸福，你記得，我記得\r\n當我們用拿鐵，用以記住幸福的味道\r\n當我們用卡布，用以記住快樂的香氣\r\n當我們用拉花，用以給最愛的人一顆心\r\n你會發現，這裡很幸福\r\n\r\n我在咖啡社，不然就是在咖啡社的路上\r\n不求圓滿，只求一杯比星巴克高級的味蕾饗宴\r\n不求醇厚，只求一杯單單純純的單品體驗\r\n順著據德樓這小小的味道\r\n你會發現幸福，你會發現咖啡社', '', '陳彥如', '', 'kitty896539@yahoo.com.tw', '李建源', '', 'kite821125@gmail.com', ''),
(57, 2, 0, '美食社', 'NCUCook', '美食社如其名是個教人如何製作美食的地方，在這個社團會有熱情的學長學姊親自一個步驟一個步驟地悉心教導，無論你鍾愛的是西式的蛋糕甜點，抑或是中式的米飯麵食，只要你願意，沒有什麼是不可能。如果當你孤單寂寞覺得冷，不想隻身一人渡過難熬的夜晚，美食社會為你敞開大門，因為這裡不僅僅是個社團，更是一個可以陪你度過四年的溫暖大家庭，你心中的酸甜苦辣會有人與你暢談，你若不願意品嘗寂寞，歡迎你來和我們一同歡笑！', '', '郭人傑', '', 'jeaf821215@yahoo.com.tw', '王勤', '', '', ''),
(58, 2, 0, '僑生聯誼會', 'NCUOCSA', '', '', '邱育琳', '', '', '', '', '', ''),
(59, 2, 0, '轉學生聯誼會', 'NCUST', '', '', '蘇彥吉', 'https://www.facebook.com/profile.php?id=', '', '', '', '', ''),
(60, 2, 0, '雄友會', 'NCUKGA', '我們是一群流著熱血、散發熱情的痞子英雄，我們，讓你不害怕陌生的大學生活，讓你在未來的日子裡都是溫暖與快樂，和我們一起的每分每秒都將令你懷念，每一場聚會、聚餐、活動、比賽都是汗水淚水和感動織成。由一群熱心的學長姐帶領，你們可以在這裡開心成長，那些需要跌倒受傷、需要眼淚才能得到的寶貴經驗在這裡都能得到，這裡將是你們的避風港，傷心難過有我們在、遇上困難有我們在、孤單寂寞有我們在，一直都在，就等你！We are the sun of the kids !!!', '', '李瑋晨', 'https://www.facebook.com/weichen.lee.33?', 'x80962003@gmail.com', '莊筠慧', '', '', ''),
(61, 2, 0, '花蓮地區校友會', 'NCUHualian', '在中央這個松樹之城，有著一群太平洋的孩子，他們的家鄉在中央山脈的另一端，那個城鎮，每天都迎接著映照在海面的日出陽光。在高山與大海的擁抱下，他們的心也如高山般質樸、大海般遼闊，而他們，就是來自洄瀾之鄉──花蓮。\r\n總而言之就是這群人，因為沒事不知道幹麻，大概是想喝山地的小米酒，不然就是不知道中壢哪裡可以找人一起搗麻糬，所以就集結所有花蓮的強大屁孩們，經歷了一翻驚天動地的冒險後，一起創立了被稱為「中央花友」的神威組織，並且展開一段，沒事騎騎山豬拯救世界，遇到節日就喝酒與搗麻糬與民同樂，讓人熱血萬分卻又不失溫暖與感動的催淚故事……', '', '溫永瀚', 'https://www.facebook.com/yonghan.wen?fre', 'a132768119@gmail.com', '潘怡瑩', '', 'doubleh_oton@yahoo.com.tw', ''),
(62, 2, 0, '港澳同學會', 'NCUHM', '', '', '梁景新', 'https://www.facebook.com/leongkengsan?fr', '', '', '', '', ''),
(63, 2, 1, '真善美社', 'NCUTVBS', '我們是一群基督徒的團契。由一個不分國際的基督徒福音團體－學園傳道會所支持、創立的。\r\n學園傳道會的異象和呼召，要在這世代完成主耶穌所託付的大使命－「使萬民作主的門徒」\r\n中央真善美社的創立，是由鄭添進傳道夫婦結婚後，蒙神帶領在中央開拓學園團契，\r\n在2000年12月6日成立社團。我們的願景：『得著今日的校園，就是得著明日的世界！』。\r\n真善美社，不只是社團；而我們，不只是社員，而是上帝要使用的器皿，\r\n要讓更多人知道 — “上帝愛你,並且為你的生命有一個奇妙的計畫”。', '', '余達明', 'https://www.facebook.com/tatmeng.u', 'yuming_u@hotmail.com', '', '', '', ''),
(64, 2, 1, '急救社', 'NCUFac', '本社定名為「國立中央大學急難 救護社」，英文為 National Central National Central University University First -Aid club，簡稱中大急救社。中大急救社自 1996 年 6月 6日創社以來，一直以推廣急救教育為宗旨，以服務人群為定位。每學期，中大急救社在校內舉辦許多活動，例如 急救 教學 (CPR 、包紮、 骨折 …)此外中大急救社與中華民國紅十字會及中央大學衛保組合作，在每學期初舉辦急救員班，以培養初級急救員為目的，將急救知識推廣於校園中。', '', '黃楷維', '', 'wsx52114@gmail.com', '', '', '', ''),
(65, 2, 1, '慈幼社', 'NCUChild', '多久沒有回憶童年時光，是否也想讓大學生活更充實?\r\n想要和小朋友一同回到兒時記趣，嬉鬧、玩樂、天真爛漫?\r\n想要和同學朋友一起歡灑青春的汗水，享受盛夏光年?\r\n慈幼社是絕對不會錯的決定！\r\n幼吾幼以及人之幼，發揚人類愛的光輝!\r\n定期的假日服務營、長期出隊，給您全新不一樣的感受!\r\n家扶中心、懷幼院的另類關懷，讓你擁有嶄新的每一天 :)\r\n\r\n家扶中心，每周六早上我們去家扶中心課輔國中生。\r\n\r\n仁工隊，於每週五晚上晚上五點半前往弘化懷幼院服務。\r\n\r\n夏令營，於暑假舉行四天三夜的營隊活動，參加對象為全桃園地區的小朋友。\r\n\r\n及愛團，固定於學期中舉辦二天一夜的假日服務與學期末舉辦為期四天的長期出隊。\r\n~誠摯的歡迎你的加入~\r\n', 'https://www.facebook.com/groups/12796669', '吳易璁', 'https://www.facebook.com/go20act?fref=ts', 'i52204@yahoo.com.tw', '', '', '', ''),
(107, 2, 3, '中智社', 'NCUZenJoy', '中智社-中道實相的智慧。\r\n傳續三千多年前靈山會上「世尊拈花，迦葉微笑」的一脈清泉，點亮心燈，照破萬古黑暗，照進校園、照亮世界。\r\n\r\n藉由一堂堂的社課，一次次的禪風服務。我們將更了解自己，有能力做自己「心」的主人。我們可以更自在的過著每天的生活，享受每個當下。回歸最純粹的人、事、物。\r\n\r\n加 個社團最可貴\r\n入 社不用繳社費\r\n此 處正是你依歸\r\n社 會經驗這裡學\r\n就 業不怕沒機會\r\n對 人以和真親切\r\n了 達一切大智慧\r\n\r\n加入中智社，讓你超快樂！', '', '蕭瑋萱', '', 'jeanette8989@gmail.com', '', '', '', ''),
(67, 2, 1, '崇青社', 'NCUClassics', '1、崇尚品德，重視文化及生命教育。\r\n2、推廣經典教育，將中華文化精髓現代生活化。\r\n3、將環保視為公民理性及品德之呈現，進而提倡身心之環保與教育。\r\n4、與全國大專之崇德青年社觀摩交流。\r\n5、以志願服務之精神，參與國內外文教活動;秉人飢己飢人溺己溺之精神，走入社區、中小學、及國際社會，落實深度服務。', '', '許惟清', '', 'cocoican22@hotmail.com', '劉家任', '', '', ''),
(68, 2, 2, '足球社', 'NCUsoccer', '顧名思義,足球社就是一個聚集來自各系熱愛足球或許想嘗試了解足球的學生一個社團。在過去的十幾年,我們每年都會舉辦新生盃跟系際盃,務求令各位足球愛好者得到一個發揮球技的平台。\r\n    近年外國人的水平遠超本地學生,因此明年我們足球社會設立為本地學生而設的社課,從最基本逐步接觸足球。而適逢四年一次的足球世界盃,我們會相約社員一起觀賞頂級球賽,引導社員欣賞足球的吸引之處,並促進社員之間的友誼。', '', '李天朗', '', 'owencarlos3@yahoo.com.hk', '', '', '', ''),
(69, 2, 2, '松濤壘球聯盟社', 'NCUSoftball', '這個社團是由中央大學各系的系壘所組成，對於熱愛棒壘球的同學來說，這是個非常好的社團，我們主要是負責校內的系隊之間的壘球賽，互相比賽，增進各隊的實力，同時藉由比賽來檢驗自己與系隊的實力，熱愛棒壘球的同學，歡迎你們加入。', '', '張禎文', 'https://www.facebook.com/st100863', 'st86005@yahoo.com.tw', '曾承韜', '', '', ''),
(70, 2, 2, '登山社', 'NCUMTClub', '中大登山社於民國64年創立，在5月20日，山社第一次活動隊，登上李棟山，李棟山成為登山社社山；65年3月26日，中大登山社第一次登上雪山，是社上第一次大山活動，奠定了日後辦理遠程登山活動的基礎；後續亦制定了許多制度，讓山社持續茁壯……\r\n去年山社舉辦了不少活動：從上學期初的黃金稜線，帶領新生們體驗在山上欣賞到東北角的海景；還有下學期的司馬庫斯、奇萊南華等隊伍。歡迎喜愛自然的你加入我們的登山行列，漫遊台灣山林。', '', '李姿儀', '', 'k940831@yahoo.com.tw', '施政澎', '', 'peter821231@gmail.com', ''),
(71, 2, 2, '柔道社', 'NCUJUDO', '', '', '李家沂', '', 'a708560@yahoo.com.tw', '', '', '', ''),
(72, 2, 2, '跆拳道社', 'NCUTKD', '', '', '楊忠諺', '', 'natemello@livemail.tw', '', '', '', ''),
(73, 2, 2, '國術社', 'NCUKongFu', '中央國術社是由長洪武術的黃教練所指導，長洪武術的訓練是以長拳為基礎，在動作上大開大合、手腳並用，由於套路清楚、力點明確，初學者較能達到強身健體，防身為己的成果，而洪拳為嶺南五拳之首，相傳是由洪熙官所創，與少林武學關係密切，所以無論你是想要運動、防身或是成為武林高手，歡迎加入中央國術社，相信你就是那萬中無一的練武奇才。', '', '賴紹婷', '', '101409507@cc.ncu.edu.tw', '李炳輝', '', '', ''),
(74, 2, 2, '合氣道社', 'NCUAkido', '天地見證，武林絕學\r\n｢合氣道」原為日本皇室密技，直到二次大戰後開始流傳至世界，體術功夫講究「以柔制剛」強調技巧與年齡、性別、體格無關，完全以調和與使用自己的氣，控制與破壞對手的氣來決定勝負。武器方面則涵蓋日本各著名劍術、杖等等。\r\n自然界博大無私而又合諧的眾愛現象，正是合氣道所追求的，是順乎自然、以柔克剛、適合男女老幼的高尚武術運動。', '', '游凱丞', '', 'tonyui01@gmail.com', '', '', '', ''),
(75, 2, 2, '地板舞蹈社', 'NCUBreaking', '', '', '', '', '', '鸝平', '', 'jimmy830113@yahoo.com.tw', ''),
(76, 2, 2, '魔術社', 'NCUMagic', '你/妳,想要成為朋友間帶有一絲神祕感以及趣味性的角色嘛?亦或是舞台上發光發熱的一顆星,不論是見證奇蹟的時刻,還是視覺的衝擊,不管你是新手,略懂,或是高手,我們都可以提供你良好的資源,不想學魔術?只想當觀眾,我們也百分之百歡迎你進來跟我們一同分享魔術的樂趣,這裡就像一個大家庭,一座小一點的霍格華茲,有著許多的寶藏等你來挖掘,,你沒有理由抗拒,睜大你的眼睛,享受這毛孔豎立的片刻吧!!!我們是-------中央魔術社!', '', '李柏翰', '', '', '徐正憲', '', 'stv.q1991@gmail.com', '');
INSERT INTO `club_intro` (`id`, `catalog`, `catalogdetal`, `c_name`, `e_name`, `intro`, `fb`, `contact1_name`, `contact1_fb`, `contact1_email`, `contact2_name`, `contact2_fb`, `contact2_email`, `img`) VALUES
(106, 2, 3, '創意社', 'NCUCreate', '「鼓勵學生創新，發展無窮盡的創意」是創意社成立的宗旨，將創意文化推廣至中大校園是我們所冀盼的目標，雖然本社成立不過兩年，社團的風格仍有待定位，也因為此，我們有更多發展空間。創意社不僅是一個提供交換創意的平台，更是一個在煩忙課餘後讓思想解放的園地。很難得的，我們有一個專屬創意發想與互動的空間，綜教館314【夢想實驗室】。\r\n\r\n歡迎加入中大創意社，讓我們在「夢想實驗室」一起發想與實踐，使「創意」不淪為一個口號，而是落實於每一片刻和每一角落！', '', '高御家', '', 'hawkao1019@gmail.com', '', '', '', ''),
(78, 2, 2, '熱門音樂社', 'NCUhotmusic', '嗨，你好~我們是中央熱音社，在這裡無論你是初次接觸樂器，或是想擁有自己的舞台，或是想在懵懂的大學中找一份歸屬感，甚至想成為神，來熱音社這個大家庭就對惹~我們需要你的熱血！', '', '鄭家宇', '', 'alexander821104@gmail.com', '', '', '', ''),
(79, 2, 2, '松韻口琴社', 'NCUHarmonica', '口琴，是種充滿感情與變化的樂器。\r\n不論是抒情小調抑或是輕快舞曲，\r\n只要有一把口琴，都能用其獨特的魅力來演奏；\r\n若是集結眾人合奏，僅需數人便能媲美交響樂一般的磅礡氣勢！\r\n而且口琴簡單易學，即使是初學者也能快速掌握技巧，輕鬆上手。\r\n喜歡吹口琴、想學吹口琴、\r\n對音樂有興趣，或是想要加入口琴社這個小巧歡樂的家庭的你，我們通通都歡迎！\r\nWelcome to 中央大學松韻口琴社！', '', '劉一凡', '', 'lfes8301272@yahoo.com.tw', '', '', '', ''),
(80, 2, 2, '吉他社', 'NCUGuitar', '你想站上星光舞台，用你的歌聲征服全場觀眾嗎？　　\r\n你想彈出一首首動人旋律，繚繞著觀眾心中的悸動嗎？\r\n吉他社主要是以音樂交流為目的，同使又能增加社員之間的感情，使同學能夠了解吉他概念進而學習樂器，藉吉他之彈唱，抒發內心對於生活的種種情感。\r\n在我們社團中可以學到吉他彈奏技巧，例如fingerstyle、自彈自唱等表演，同時也可以認識到不同的人，另外我們每學期都會安排好玩有趣的活動，可以讓大家學習到辦活動的方法。\r\n中央吉他社歡迎各位加入!!!', '', '廖威凱', '', 'wii186@hotmail.com.tw', '', '', '', ''),
(81, 2, 2, '鋼琴社', 'NCUPiano', '是否想像《海上鋼琴師》中丹尼，彈得一手好琴，不但獲得滿堂彩，也成功吸引女主角?\r\n在《戰地琴人》中，這位猶太裔鋼琴家因為會彈鋼琴而受德國軍官賞識，免於受迫害之命；\r\n不論是新手還是老鳥，只要加入鋼琴社，不但可以盡情享受在琴房彈琴的樂趣，還有許多的活動\r\n例如增進知識的社課、以琴會友互相切磋、充實有趣的音樂營，更別說上台一展琴藝的演出機會囉。\r\n還在等什麼?快讓中央鋼琴社充實你的大學生活吧!', '', '陳泰州', '', 'restlin1206@gmail.com', '', '', '', ''),
(82, 2, 2, '雜技社', 'NCUjuggling', '平常我們玩五花八門的雜技，\r\n從五分鐘就上手的賭神絕技-立骰；\r\n學海無涯-火球POI、雪茄盒、水晶球；\r\n簡單又趣味-丟草帽、花棍；\r\n超難平衡-晃板、蛇板、飄移板、單輪車。\r\n雜技並無想像中困難，\r\n其實只要敢嘗試、勤練習，\r\n人人都可以有令人為之一亮的演出。', '', '李宗霖', 'https://www.facebook.com/profile.php?id=', 'p1t1r7954230@yahoo.com.tw', '龐麒修', '', '', ''),
(83, 2, 2, '籃球聯盟社', 'NCUBasketL', '此社團會在上學期舉辦聯盟賽，使各系的籃球隊能互相切磋，較勁，以球會友，讓各系籃球隊都能了解對方的實力。', '', '廖晟廷', 'https://www.facebook.com/profile.php?id=', 'ryan811218@hotmail.com.tw', '鄭宗倫', 'https://www.facebook.com/profile.php?id=', 'alun455154@yahoo.com.tw', ''),
(84, 2, 2, '管樂社', 'NCUWIND', '中央大學管樂社成立至今已，有優良傳統，也在全國大賽中屢獲佳績。在吳建銘老師的帶領下，我們不僅在校內有豐富的表演，也跟清大等他校辦聯合音樂會。\r\n以往年而言，我們管樂社上學期活動有期初迎新、期末音樂會與服務學習。而下學期有全國學生音樂比賽、室內樂音樂會及期末音樂會，暑期則有管樂營。\r\n管樂社不僅有主要的樂團，重奏團也相當出色。木管五重奏、薩克斯風重奏團，而銅管五重奏更是在今年獲得特優。\r\n歡迎對管樂有興趣的人加入! 不管你是在中學時期就已經對管樂有極大熱愛想繼續在大學裡頭發光發熱，或是沒有接觸過音樂但是想認識管樂，中央大學管樂社這個大家庭都歡迎你喔!', '', '林以婷', '', 'pupss89224@gmail.com', '', '', '', ''),
(85, 2, 3, '攝影社', 'NCUPhoto', '中央大學攝影社歷史悠久，資源豐富，社窩氣氛溫馨舒適！\r\n課程為數位與傳統相機並重，還有強大暗房設備！\r\n除了有社課教學分享，學期中與寒暑假還會舉辦數次外拍活動！ \r\n對攝影有興趣嗎？\r\n喜歡用照片記錄生活嗎？\r\n想和大家分享自己的照片嗎？\r\n想在數位時代體驗傳統銀鹽樂趣嗎？\r\n快加入攝影社吧 ^-^\r\n社課地點：遊藝館3F攝影社社窩。', 'https://www.facebook.com/groups/NCUPhoto', '黃慈雲', '', 'mouse91928@gmail.com', '簡有成', '', 'henry811010@gmail.com', ''),
(86, 2, 3, '禪學社', 'NCUZEN', '秉持服務的人生觀，鼓舞校園坐禪的風氣，造福更多師長和同學。\r\n增進身心健康，增長智慧。造化人心，淨化社會，創造和平新世界。\r\n短程目標：\r\n1.   推廣學禪風氣，讓更多的同學去體驗禪帶給他們的幸福，並讓同學思考與發現生命的價值。\r\n2.   培訓社上幹部，讓其除了具備專業的能力外，還有一顆堅定的禪心和關懷社會的愛心，開闊的格局，領袖特質的養成。\r\n3.   參與學校帶動中小學的計畫，定期舉辦服務隊，推廣禪以及帶給小朋友感恩和不一樣的人生觀。\r\n\r\n中程目標：\r\n1. 多與各社交流並合辦活動，藉以互相交流，開拓格局視野。\r\n2. 與全區全省社團更長期的合作交流合作，更擴展我們的影響力，期望每年都有新的突破。\r\n\r\n遠程目標：\r\n1.   讓禪的美好、禪的精神傳達給所有師生，達到校園淨土的理想。\r\n2.   超越自己，成就他人。不斷的去培育自己、超越自己，走出校園後能夠回饋社會，成為各領域的禪心領袖。讓社會更祥和，促進社會的和平。\r\n3.   幫助更多人身心靈提升，找回內心最純真的自我。', '', '陳盈均', '', '', '王薏茹', '', 'wprince510206@gmail.com', ''),
(87, 2, 3, '聖經真理研究社', 'NCUBible', '', '', '廖元維', 'https://www.facebook.com/profile.php?id=', 'h24854559@gmail.com', '', '', '', ''),
(88, 2, 3, '美術社', 'NCUArt', '我們在夜色之中齊聚，輕鬆愉快地閒聊、打哈、話東畫西，增加社員之間的情感，繪畫內容十分多元化，包括：油畫、國畫、素描、水彩、粉彩等等，另外還有染布、ＰＯＰ教學、皮雕等活動，任你恣意發揮創意!加入我們，給繽紛的大學生活添上更豐富的色彩。\r\n地點:據德樓地下一樓\r\n社課時間:每周三 晚上8:30\r\n我們的部落格: http://blog.yam.com/ncuart\r\n想畫畫，想學畫畫，不管你會不會畫，只要你愛畫畫，中央大學美術社歡迎你的加入。', '', '儲薏君', '', 'janna4318@yahoo.com.tw', '', '', '', ''),
(89, 2, 3, '動畫社', 'NCUACG', '你喜歡動畫，漫畫，遊戲嗎??\r\n你想學習製作動畫MV，與同好歡唱ACG歌曲嗎??\r\n你想學會如何畫出心中最萌最帥的腳色嗎??\r\n你想嘗試有趣又好上手的桌上角色扮演遊戲(TRPG)嗎??\r\n現在就來中央動畫社!!\r\n讓我們一起交流、同樂!!\r\n中央動畫社歡迎你的加入!!\r\n', '', '吳崇煜', '', 'littledandan4@yahoo.com.tw', '', '', '', ''),
(90, 2, 3, 'ERP顧問研習社', 'NCUERP', '', '', '', '', '', '', '', '', ''),
(91, 2, 3, '中醫社', 'NCUCTM', '', '', '', '', '', '', '', '', ''),
(92, 2, 3, '手語社', 'NCUSilence', '說到手語社,你會想到什麼呢?\r\n　　這裡不像高中社團,沒有美女雲集帥哥成群,但是你能在這裡找到:\r\n1.嶄新的溝通方式:老師親自教導的日常手語,讓你不用說,就讓別人懂\r\n2.充實的課外生活:整學期大表演小表演不斷,讓你活動筋骨,身體棒棒\r\n3.對歌曲的新視角:用手語打歌,用肢體詮釋歌曲,讓你發現不一樣的感動\r\n4.一輩子的好友、摯友、家人:社出遊小手盃一起經歷過笑鬧過,羈絆才最深刻\r\n5.(而這一格,讓你述說屬於自己的故事)\r\nWe are waiting for you!', '', '蔡喬安', '', 'j835466m@gmail.com', '', '', '', ''),
(93, 2, 3, '青年領袖社', 'NCUwlef', '青年領袖社是由一群有理想、有抱負的大學生所組成。在社團中我們透過禪式的訓練，讓我們的內心更有目標、更正向，做人更圓融，做事更有效率。並期許在未來可以培育出更多具有「偉大、完美、博愛、和平」特質，兼備「刻苦、耐勞、勇敢、堅強」特性之青年領袖。', '', '陳泰元', 'https://www.facebook.com/profile.php?id=', 'icymercury8122@gmail.com', '陳侑廷', 'https://www.facebook.com/profile.php?id=', 'tera3472356@gmail.com', ''),
(94, 2, 3, '如來實證社', 'NCURuLai', '社員都是在「佛教如來宗」禪行的中大學子，與其他的宗教性社團是不同的社團，非關宗教，無須苦修苦練、無須持戒吃齋唸佛，而是在提升心靈層次與格局中不斷開悟，開啟智慧、清靜、安定、真愛、平等的正量，與利己利人的慈悲行來弘揚如來正法、利益眾生，好比打開無盡的明珠寶藏，讓青年學子在大學時期便能開啟本自俱足的如來智慧，幫助學子心安心定、學業進步、外向大方、有積極進取的人生態度。透過信解行證，不斷開悟、覺知、真行實證、理行並進，終至智慧全然開啟、實證如來。', '', '孫紹恩', '', 'shanesun1208@gmail.com', '', '', '', ''),
(95, 2, 3, '福智青年社', 'NCUFuJr', '', '', '朱祐葶', '', 't357078@hotmail.com', '', '', '', ''),
(97, 1, 0, '網球隊', 'NCUTennis', '', '', '', '', '', '', '', '', ''),
(98, 1, 0, '女子籃球隊', 'NCUBasket', '', '', '', '', '', '', '', '', ''),
(99, 1, 0, '中央游泳隊', 'NCUSwim', '中央游泳隊對我們來說不止是個校隊，更是在中央的第二個家。\r\n除了一周五天的練習外，偶而也會來個周末隊聚餐或是寒暑假的隊出遊，但最重要的比賽絕對少不了。\r\n如果你想享受比賽的刺激感，我們有四中五校游泳賽、松竹梅游泳邀請賽、南專盃，若你覺的強度不夠，每年5、6月的全大運更是全台大學生的最大運動舞台。\r\n想練的跟隊長一樣壯嗎?  想游的跟副隊長一樣快嗎?\r\n歡迎各位學弟妹們加入中央泳隊大家庭!!', '', '余謙', '', 'chucky326@yahoo.com.tw', '劉天祺', '', '', ''),
(100, 1, 1, '學生會', 'NCUSA', '', '', '', '', '', '', '', '', ''),
(101, 1, 1, '伙委會', 'NCUMeal', '', '', '', '', '', '', '', '', ''),
(103, 2, 2, '中央火舞藝術研究社', 'NCUFireDance', '我們是中央大學火舞社，擅長火棍、火poi、火扇、噴火和吞火等表演。除了上火表演之外，也有LED道具提供室內表演。我們秉持著安全、創新的精神，推廣正確的火舞之事與觀念，歡迎大家加入我們的行列。', '', '游世和', '', 'NCUfiredance@gmail.com', '邱煜修', '', '', ''),
(104, 2, 0, '桃園校友會', 'NCU_TY', '我們是中央的桃園區校友會喔!歡迎桃園裡面所有高中的畢業生加入我們的行列喔!只要在FB裡面打上”Welcome to 中央大學桃友大家庭~~~”就可以找到我們的社團囉^^(如果找不到,也可以加會長或副會長好友,並表明身分,這樣我們就會把你加進社團囉!!)\r\n不想要無聊過完大學的話,別猶豫了,快來加入我們吧!!', '', '羅元甫', '', 'crazy33noend@yahoo.com.tw', '黃孝穎', '', '14789632asdfg@gmail.com.tw', ''),
(105, 1, 1, '松濤電台', 'Pinewave', '松林中，彷彿聽見來自蒼穹的呼喊\r\n對於未來，是否有些想要抒發胸臆的衝動\r\n沒有調頻，我們用聲音帶給世界奇蹟\r\n獨一無二的空間，讓你聽見心中最真實的自己\r\n\r\n松濤電台，是你的選擇', '', '張珈庭', 'https://www.facebook.com/profile.php?id=', 'sally200294@hotmail.com.tw', '陳薏先', '', '', ''),
(108, 2, 3, '馬術社', 'NCUEC', '恭喜成為大學生！對於進入中央有什麼計畫呢？社團是你大學生活中重要得一環，當然要慎選！\r\n　　中央馬術社並不像傳統印象中是有錢人再玩的休閒運動，在我們社團，你可以用最低的價錢騎到最好的馬，來詢問就知道囉！\r\n　　我們是中央第二屆馬術社，但是已經有許多活動正在進行中，我們與清華大學馬術社、淡江大學馬術社做過交流活動，未來還會有更多交流，甚至是到中南部馬場做體驗！\r\n　　總教練為葉繡華教練，其為全台灣第一名的＂馬術＂教練，有這樣難得的機會，更應該加入馬術社與教練學習。', '', '張展嘉', '', 'kennyncu830125@yahoo.com.tw', '連家瑩', '', '', ''),
(109, 2, 3, '資訊暨開放軟體研習社', 'NCUIORC', '', '', '', '', '', '', '', '', ''),
(110, 2, 3, '中大弦樂團', 'NCUSQ', '我們每周都有固定的團練和組練\r\n希望更多學琴的箇中高手可以一同加入我們的行列\r\n也誠摯邀請您一同與我們聆聽弦樂演奏的美\r\n中央大學弦樂團，由郝玲妮學務長創立，旨在營造及提升學校的音樂素養，讓校園再次響起動人弦音。於2012年招入一群喜愛音樂的同好，由大提琴家陳建安老師指導。樂團創立至今受邀於校內大小型的正式場合演出，活躍於校內各個角落。\r\n更多資訊請上FB搜尋NCUSQ', '', '林昌樺', '', 'dongfong363@gmail.com', '', '', '', ''),
(111, 2, 1, '瑪潮關懷社', 'NCUMC', '瑪潮關懷社的宗旨是？ \r\n我們相信透過關懷弱勢兒童及其家人，不僅能夠滿足他們的需要；\r\n更能使學生志工們經歷到「在別人的需要上，看到自己的責任」。\r\n同時也給予每一位來服務的學生，足夠的訓練和關懷。\r\n\r\n瑪潮關懷社的活動有？ \r\nA.至本地眾醫院，陪伴關懷病童。\r\nB.與世界展望會合作，在校內發起為貧童募款行動。\r\nC.與1919食物銀行合作，發放食物包給弱勢家庭。\r\nD.為清寒學童提供課輔，重建信心。              \r\nE.舉辦清寒兒童挑戰營，給予孩童所需的愛與鼓勵。', '', '廖祥伶', '', 'janine.hll24@gmail.com', '', '', '', ''),
(112, 1, 1, '小中大電視台', 'NCUTV', '你，心中的校園電視台是什麼模樣呢？\r\n \r\n想要跑新聞？學剪接？玩影像？\r\n做直播？搞創意？辦活動？\r\n或是站上夢寐以求的主播台？\r\n \r\n我們有\r\n新聞和短片製作的影創部\r\n掌管器材與多機EFP轉播的工程部\r\n負責行銷宣傳、平面設計的行銷企劃部\r\n \r\n想要一個豐富、創新、與眾不同的大學生活嗎？\r\n有股挖掘真相、追求正義的熱血嗎？\r\n歡迎成為我們的一份子！\r\n小中大電視台，成就大中小的你！', '', '蔡伊其', '', 'andy51311@gmail.com', '何劼穎', '', '', ''),
(113, 0, 0, '大氣科學系', 'NCUAtm', '一、教學特色:\r\n        大氣科學是以物理學、數學、計算機科學、環境科學為基礎來研究地球及行星大氣科學現象的學門。本系分成大氣及太空兩組教學，課程的安排主要在建構學生數學與物理的基礎，了解大氣變化機制原理，進而培養大氣科學與太空科學的知識和訓練現代相關專業技術，包括天氣分析與預報、氣候與環境變遷、氣象防災、太空科學、電離層與高層大氣、遙測科技等重點學科，讓學生在畢業後有足夠的能力處理專業性及一般性的物理科學問題，或進一步從事專業性學術研究。\r\n\r\n二、研究領域:\r\n        大氣物理所之研究乃在探討近地球表面的大氣現象，如天氣變化、雲雨的形成、空氣污染、地球環境變遷等原理\r\n，進而預測其行為，藉以防範災害並充分利用資源，造福人類。\r\n', '', '陳育佑', 'https://www.facebook.com/profile.php?id=', '', '', '', '', ''),
(114, 0, 1, '機械工程學系', 'NCUME', '中央大學人數最多的機械系，有著各種形形色色的人。在學校的運動會、傳情、撥穗典禮、機械系晚會、還有其他大大小小的活動中，這些形形色色的人們為了籌辦活動，而聚在一起練舞、架設場地、畫海報、擺攤、玩耍、吃吃喝喝，就是機械系學生會。在這裡可以和同學為了同一件事合作、用最熱血的態度去完成每一件事情、寫下屬於機械系的回憶，最重要的是夥伴互挺、讓機械系的大家玩在一起。', '', '張彥瑋', 'https://www.facebook.com/profile.php?id=', 'leo18123123@gmail.com', '張振瑋', 'https://www.facebook.com/wei82', 's6677999@gmail.com', ''),
(115, 0, 3, '電機工程學系', 'NCUEE', '我我中電好\r\n電機央你機\r\n我我電  喔\r\n電機機  ！\r\n我我，，\r\n電機\r\n電機\r\n電機\r\n，，', '', '', '', '', '', '', '', ''),
(116, 0, 6, '客語系', 'major_hk', '', '', '', '', '', '', '', '', '');

-- --------------------------------------------------------

--
-- Table structure for table `forum_article`
--

CREATE TABLE IF NOT EXISTS `forum_article` (
  `id` int(11) NOT NULL AUTO_INCREMENT,
  `auth_id` varchar(32) COLLATE utf8_unicode_ci NOT NULL COMMENT 'CONSTRAINT FOREIGN KEY (auth_id) REFERENCES User(id)',
  `sort_id` int(11) NOT NULL COMMENT 'CONSTRAINT FOREIGN KEY (sort_id) REFERENCES sort_tag(id)',
  `post_time` datetime NOT NULL,
  `update_time` datetime DEFAULT NULL,
  `views` int(11) NOT NULL DEFAULT '0',
  `title` text COLLATE utf8_unicode_ci NOT NULL,
  `content` text COLLATE utf8_unicode_ci NOT NULL,
  `to_top` int(11) NOT NULL DEFAULT '0',
  PRIMARY KEY (`id`)
) ENGINE=MyISAM  DEFAULT CHARSET=utf8 COLLATE=utf8_unicode_ci AUTO_INCREMENT=33 ;

--
-- Dumping data for table `forum_article`
--

INSERT INTO `forum_article` (`id`, `auth_id`, `sort_id`, `post_time`, `update_time`, `views`, `title`, `content`, `to_top`) VALUES
(1, '009a5e8a57d46f916d9c9f036817c12d', 5, '2013-07-16 14:39:07', NULL, 3, 'myfirstpost', 'test for first post', 0),
(2, '009a5e8a57d46f916d9c9f036817c12d', 1, '2013-07-16 14:40:37', NULL, 23, '2', '22', 0),
(3, '009a5e8a57d46f916d9c9f036817c12d', 2, '2013-07-16 14:40:46', NULL, 35, '3', '33', 0),
(5, '009a5e8a57d46f916d9c9f036817c12d', 2, '2013-07-16 14:41:24', '2013-07-22 18:53:34', 581, '999', '/////ffffeeeggggwergwerg\r\n/cc\r\nlll', 1),
(6, '009a5e8a57d46f916d9c9f036817c12d', 5, '2013-07-16 14:57:53', '2013-07-16 20:35:12', 77, 'ss?', 'sdsdf', 0),
(8, '009a5e8a57d46f916d9c9f036817c12d', 4, '2013-07-16 15:15:02', NULL, 3, 'ssdf', 'sdsdf', 0),
(9, '009a5e8a57d46f916d9c9f036817c12d', 6, '2013-07-16 20:15:34', NULL, 176, 'waefawef', 'werhsaerh', 0),
(10, '009a5e8a57d46f916d9c9f036817c12d', 1, '2013-07-18 10:26:23', NULL, 5, 'try ajax submit', 'try ajax submit\r\ntry ajax submit\r\ntry ajax submit\r\ntry ajax submit\r\ntry ajax submit', 0),
(11, '009a5e8a57d46f916d9c9f036817c12d', 3, '2013-07-18 10:27:17', NULL, 2, 'wef', 'awefawef', 0),
(12, '009a5e8a57d46f916d9c9f036817c12d', 6, '2013-07-20 20:52:03', NULL, 0, 'aaaaa', 'ffffff', 0),
(13, '009a5e8a57d46f916d9c9f036817c12d', 6, '2013-07-20 20:52:35', NULL, 2, 'aaaaa', 'ffffff', 0),
(14, '009a5e8a57d46f916d9c9f036817c12d', 3, '2013-07-20 21:25:30', NULL, 0, 'q34g44', 'q34gq34g', 0),
(15, '009a5e8a57d46f916d9c9f036817c12d', 5, '2013-07-20 21:34:03', NULL, 1, 'herherh', 'fwefaewf', 0),
(16, '009a5e8a57d46f916d9c9f036817c12d', 5, '2013-07-20 21:35:12', NULL, 2, 'sdfggfds', 'sdfggfsdsdfg', 0),
(17, '009a5e8a57d46f916d9c9f036817c12d', 8, '2013-07-20 21:39:35', NULL, 2, '123456', '654321', 0),
(18, '009a5e8a57d46f916d9c9f036817c12d', 4, '2013-07-20 23:06:35', NULL, 72, 'enableCsrfValidation', 'enableCsrfValidation\r\nenableCsrfValidation', 0),
(19, '009a5e8a57d46f916d9c9f036817c12d', 4, '2013-07-20 23:06:42', '2013-07-23 10:17:17', 9, 'enableCsrfValidation', 'enableCsrfValidation\r\nenableCsrfValidation\r\nreally?', 0),
(20, '009a5e8a57d46f916d9c9f036817c12d', 2, '2013-07-22 11:12:55', NULL, 4, '?????', '99999', 0),
(21, '009a5e8a57d46f916d9c9f036817c12d', 4, '2013-07-22 11:14:48', NULL, 15, 'fffffffff', '99999', 0),
(22, '009a5e8a57d46f916d9c9f036817c12d', 6, '2013-07-22 22:00:26', '2013-07-23 15:57:20', 13, 'aiuhiuwe', 'caaaa\r\nc\r\nc\r\nc\r\nc\r\nc\r\nc\r\nc\r\nc\r\nc\r\nc\r\nc\r\nc\r\nc\r\nc\r\nc\r\nc\r\n', 0),
(24, '009a5e8a57d46f916d9c9f036817c12d', 3, '2013-07-23 15:39:03', '2013-07-23 15:44:08', 46, 'awefawegaweg', 'awegawegwaegfasdfasdf\r\nppp\r\n\r\nasefa', 0),
(25, '009a5e8a57d46f916d9c9f036817c12d', 5, '2013-07-28 13:40:11', NULL, 0, '''ritjkgoitjg', 'XDDDD', 0),
(26, '009a5e8a57d46f916d9c9f036817c12d', 2, '2013-07-28 13:47:34', NULL, 2, 'tyjdehyth', 'ytjetyjtjtyj', 0),
(27, '009a5e8a57d46f916d9c9f036817c12d', 3, '2013-07-28 13:47:53', NULL, 0, 'iyll', 'oyliol', 0),
(28, '009a5e8a57d46f916d9c9f036817c12d', 4, '2013-07-28 20:49:28', '2013-07-28 20:50:36', 15, '9kik', 'kkikikik', 0),
(30, 'be21ac26fd0e7285f81f9bc8b3bf5b28', 2, '2013-08-01 19:14:52', NULL, 5, 'wvrwrvw', 'wrvwvrververver', 0),
(32, 'be21ac26fd0e7285f81f9bc8b3bf5b28', 2, '2013-08-01 19:18:08', NULL, 7, 'asxasx', 'aaaaaaaaaaa', 0);

-- --------------------------------------------------------

--
-- Table structure for table `forum_comment`
--

CREATE TABLE IF NOT EXISTS `forum_comment` (
  `id` int(11) NOT NULL AUTO_INCREMENT,
  `article_id` int(11) NOT NULL COMMENT 'CONSTRAINT FOREIGN KEY (article_id) REFERENCES article(id)',
  `auth_id` varchar(32) CHARACTER SET utf8 NOT NULL COMMENT 'CONSTRAINT FOREIGN KEY (auth_id) REFERENCES user(id)',
  `content` text CHARACTER SET utf8 NOT NULL,
  `post_time` datetime NOT NULL,
  `update_time` datetime DEFAULT NULL,
  PRIMARY KEY (`id`)
) ENGINE=MyISAM  DEFAULT CHARSET=utf8 COLLATE=utf8_unicode_ci AUTO_INCREMENT=64 ;

--
-- Dumping data for table `forum_comment`
--

INSERT INTO `forum_comment` (`id`, `article_id`, `auth_id`, `content`, `post_time`, `update_time`) VALUES
(4, 2, '009a5e8a57d46f916d9c9f036817c12d', 'hjk', '2013-07-16 17:52:32', NULL),
(5, 2, '009a5e8a57d46f916d9c9f036817c12d', 'qwe', '2013-07-16 17:52:39', NULL),
(6, 3, '009a5e8a57d46f916d9c9f036817c12d', 'qqqq', '2013-07-16 19:17:02', '2013-07-16 20:49:21'),
(7, 5, '009a5e8a57d46f916d9c9f036817c12d', 'i am comment, you known? mnnnnnn\r\nwou kk\r\nedfswefwdf\r\n\r\nQAQ\r\ndaaweg\r\n\r\n\r\nedit', '2013-07-16 20:07:05', '2013-07-23 16:08:59'),
(8, 5, '009a5e8a57d46f916d9c9f036817c12d', 'wow hahaha', '2013-07-16 20:07:16', NULL),
(9, 6, '009a5e8a57d46f916d9c9f036817c12d', 'importantnnnnn', '2013-07-16 20:07:35', '2013-07-16 20:48:07'),
(10, 9, '009a5e8a57d46f916d9c9f036817c12d', 'qwe', '2013-07-16 20:48:56', NULL),
(11, 5, '009a5e8a57d46f916d9c9f036817c12d', '54354354354354', '2013-07-21 19:25:53', NULL),
(12, 5, '009a5e8a57d46f916d9c9f036817c12d', '77777', '2013-07-21 19:54:12', NULL),
(13, 5, '009a5e8a57d46f916d9c9f036817c12d', '7535753', '2013-07-21 19:58:18', NULL),
(14, 5, '009a5e8a57d46f916d9c9f036817c12d', 'werbwerb', '2013-07-22 14:43:59', NULL),
(15, 21, '009a5e8a57d46f916d9c9f036817c12d', 'wow newest\r\nabcdefghijklmnopqrstuvwxyz', '2013-07-22 18:54:18', '2013-07-22 18:54:49'),
(16, 5, '009a5e8a57d46f916d9c9f036817c12d', 'ajax comment', '2013-07-22 18:59:31', NULL),
(17, 3, '009a5e8a57d46f916d9c9f036817c12d', 'qabbcd', '2013-07-22 19:02:33', NULL),
(18, 18, '009a5e8a57d46f916d9c9f036817c12d', 'QAQ', '2013-07-22 19:09:27', '2013-07-22 21:23:08'),
(19, 18, '009a5e8a57d46f916d9c9f036817c12d', 'qscdwes', '2013-07-22 21:23:13', NULL),
(20, 18, '009a5e8a57d46f916d9c9f036817c12d', 'qscdwes', '2013-07-22 21:23:13', NULL),
(21, 18, '009a5e8a57d46f916d9c9f036817c12d', 'ergwegweg', '2013-07-22 21:23:19', NULL),
(22, 5, '009a5e8a57d46f916d9c9f036817c12d', 'q', '2013-07-22 21:25:00', NULL),
(23, 18, '009a5e8a57d46f916d9c9f036817c12d', 'please don''t bomb', '2013-07-22 21:26:07', NULL),
(24, 5, '009a5e8a57d46f916d9c9f036817c12d', 'shit', '2013-07-22 21:26:39', NULL),
(25, 5, '009a5e8a57d46f916d9c9f036817c12d', 'shitt', '2013-07-22 21:26:46', NULL),
(26, 5, '009a5e8a57d46f916d9c9f036817c12d', 'shittsdvc', '2013-07-22 21:26:52', NULL),
(27, 18, '009a5e8a57d46f916d9c9f036817c12d', 'shit', '2013-07-22 21:27:17', NULL),
(28, 5, '009a5e8a57d46f916d9c9f036817c12d', '12333', '2013-07-22 21:30:57', NULL),
(29, 5, '009a5e8a57d46f916d9c9f036817c12d', 'se xy', '2013-07-22 21:37:13', NULL),
(30, 5, '009a5e8a57d46f916d9c9f036817c12d', 'ghj', '2013-07-22 21:47:51', NULL),
(31, 5, '009a5e8a57d46f916d9c9f036817c12d', 'wtretwert', '2013-07-22 21:48:43', NULL),
(32, 18, '009a5e8a57d46f916d9c9f036817c12d', 'f\r\nf\r\nf\r\nf\r\nf\r\nf\r\nf\r\nf\r\nf\r\nf\r\nf\r\nf\r\nf\r\nf\r\nf\r\nf\r\nf\r\nf\r\nf\r\nf\r\nf\r\nf\r\n', '2013-07-22 21:50:17', NULL),
(33, 22, '009a5e8a57d46f916d9c9f036817c12d', 'hihi\r\nhihihi\r\nhihi\r\nhihihi\r\nhihihihihihihi\r\nhihihihihizzzzzzzzzzzzzzzzzzzzzzzz<a>asdf</a></body>', '2013-07-22 22:00:53', '2013-07-23 15:57:08'),
(35, 24, '009a5e8a57d46f916d9c9f036817c12d', 'whyrgf', '2013-07-23 15:44:42', NULL),
(36, 24, '009a5e8a57d46f916d9c9f036817c12d', 'post a comment\r\ni\r\nijijij\r\ni\r\nam\r\namokokok\r\nam\r\nam\r\nam\r\nam\r\nam\r\nam\r\nam\r\n', '2013-07-23 15:45:35', '2013-07-23 16:08:15'),
(37, 18, '009a5e8a57d46f916d9c9f036817c12d', 'ytjuruytjytj', '2013-07-28 13:47:22', NULL),
(38, 28, '009a5e8a57d46f916d9c9f036817c12d', '<script>alert(''frfr'');</script>', '2013-07-28 20:50:11', NULL),
(39, 28, 'be21ac26fd0e7285f81f9bc8b3bf5b28', 'jiojoiwj;igj;eoi;oij;oirj;', '2013-08-01 19:11:20', NULL),
(63, 30, '09548bde2388e3f43445dfd1e9fe90af', '45625312施', '2013-08-02 16:46:52', NULL),
(62, 18, '009a5e8a57d46f916d9c9f036817c12d', 'hihi', '2013-08-01 20:10:02', NULL),
(61, 32, 'be21ac26fd0e7285f81f9bc8b3bf5b28', 'jiji', '2013-08-01 19:57:32', NULL),
(60, 32, '09548bde2388e3f43445dfd1e9fe90af', 'bibibibibibi', '2013-08-01 19:26:14', NULL);

-- --------------------------------------------------------

--
-- Table structure for table `forum_sort_tag`
--

CREATE TABLE IF NOT EXISTS `forum_sort_tag` (
  `id` int(11) NOT NULL AUTO_INCREMENT,
  `name` text COLLATE utf8_unicode_ci NOT NULL,
  PRIMARY KEY (`id`)
) ENGINE=MyISAM  DEFAULT CHARSET=utf8 COLLATE=utf8_unicode_ci AUTO_INCREMENT=9 ;

--
-- Dumping data for table `forum_sort_tag`
--

INSERT INTO `forum_sort_tag` (`id`, `name`) VALUES
(1, '宿舍'),
(2, '社團'),
(3, '學業'),
(4, '系所'),
(5, '校園'),
(6, '交通'),
(7, '運動'),
(8, '其他');

-- --------------------------------------------------------

--
-- Table structure for table `game_gift_query`
--

CREATE TABLE IF NOT EXISTS `game_gift_query` (
  `pid` int(11) NOT NULL AUTO_INCREMENT,
  `send_uid` varchar(32) COLLATE utf8_unicode_ci NOT NULL,
  `receive_uid` varchar(32) COLLATE utf8_unicode_ci NOT NULL,
  `cid` int(11) NOT NULL,
  `received` tinyint(4) NOT NULL DEFAULT '0',
  `timestamp` timestamp NOT NULL DEFAULT CURRENT_TIMESTAMP ON UPDATE CURRENT_TIMESTAMP,
  PRIMARY KEY (`pid`)
) ENGINE=MyISAM  DEFAULT CHARSET=utf8 COLLATE=utf8_unicode_ci AUTO_INCREMENT=185 ;

--
-- Dumping data for table `game_gift_query`
--

INSERT INTO `game_gift_query` (`pid`, `send_uid`, `receive_uid`, `cid`, `received`, `timestamp`) VALUES
(1, '-1', '2980fc2005de836a9b9edefdf42b9f32', 4, 1, '2013-08-02 07:49:06'),
(2, '-1', '2980fc2005de836a9b9edefdf42b9f32', 2, 1, '2013-08-02 07:49:07'),
(3, '-1', '2980fc2005de836a9b9edefdf42b9f32', 3, 1, '2013-08-02 07:49:08'),
(4, '-1', '2980fc2005de836a9b9edefdf42b9f32', 8, 1, '2013-08-02 07:49:09'),
(5, '-1', '2980fc2005de836a9b9edefdf42b9f32', 9, 1, '2013-08-02 07:49:09'),
(6, '-1', '2980fc2005de836a9b9edefdf42b9f32', 5, 1, '2013-08-02 07:49:10'),
(7, '-1', '2980fc2005de836a9b9edefdf42b9f32', 6, 1, '2013-08-02 07:49:10'),
(8, '-1', '2980fc2005de836a9b9edefdf42b9f32', 12, 1, '2013-08-02 07:49:11'),
(9, '-1', '2980fc2005de836a9b9edefdf42b9f32', 7, 1, '2013-08-02 07:49:12'),
(10, '-1', '2980fc2005de836a9b9edefdf42b9f32', 10, 1, '2013-08-02 07:49:12'),
(11, '-1', '2980fc2005de836a9b9edefdf42b9f32', 11, 1, '2013-08-02 07:49:13'),
(12, '-1', '2980fc2005de836a9b9edefdf42b9f32', 1, 1, '2013-08-02 07:49:13'),
(13, '-1', '2980fc2005de836a9b9edefdf42b9f32', 1, 1, '2013-08-02 07:49:14'),
(14, '-1', '2980fc2005de836a9b9edefdf42b9f32', 2, 1, '2013-08-02 07:49:14'),
(15, '-1', '2980fc2005de836a9b9edefdf42b9f32', 3, 1, '2013-08-02 07:49:15'),
(16, '-1', '2980fc2005de836a9b9edefdf42b9f32', 4, 1, '2013-08-02 07:49:15'),
(17, '-1', '2980fc2005de836a9b9edefdf42b9f32', 5, 1, '2013-08-02 07:49:16'),
(18, '-1', '2980fc2005de836a9b9edefdf42b9f32', 6, 1, '2013-08-02 07:49:16'),
(19, '-1', '2980fc2005de836a9b9edefdf42b9f32', 7, 1, '2013-08-02 07:49:17'),
(20, '-1', '2980fc2005de836a9b9edefdf42b9f32', 8, 1, '2013-08-02 07:49:18'),
(21, '-1', '2980fc2005de836a9b9edefdf42b9f32', 9, 1, '2013-08-02 07:49:18'),
(22, '-1', '2980fc2005de836a9b9edefdf42b9f32', 10, 1, '2013-08-02 07:49:19'),
(23, '-1', '2980fc2005de836a9b9edefdf42b9f32', 11, 1, '2013-08-02 07:49:19'),
(24, '-1', '2980fc2005de836a9b9edefdf42b9f32', 12, 1, '2013-08-02 07:49:20'),
(25, '-1', '2980fc2005de836a9b9edefdf42b9f32', 4, 1, '2013-08-02 07:49:20'),
(26, '-1', '2980fc2005de836a9b9edefdf42b9f32', 2, 1, '2013-08-02 07:49:21'),
(27, '-1', '2980fc2005de836a9b9edefdf42b9f32', 3, 1, '2013-08-02 07:49:22'),
(28, '214acf2c05442c719df82e7207e91f1c', '2980fc2005de836a9b9edefdf42b9f32', 5, 1, '2013-08-02 07:49:23'),
(29, '-1', '2980fc2005de836a9b9edefdf42b9f32', 8, 1, '2013-08-02 07:49:24'),
(30, '-1', '2980fc2005de836a9b9edefdf42b9f32', 9, 1, '2013-08-02 07:49:24'),
(31, '2980fc2005de836a9b9edefdf42b9f32', '214acf2c05442c719df82e7207e91f1c', 7, 1, '2013-08-02 07:48:46'),
(32, '2980fc2005de836a9b9edefdf42b9f32', '214acf2c05442c719df82e7207e91f1c', 7, 1, '2013-08-02 07:48:43'),
(33, '214acf2c05442c719df82e7207e91f1c', '2980fc2005de836a9b9edefdf42b9f32', 6, 1, '2013-08-02 07:49:25'),
(34, '-1', '214acf2c05442c719df82e7207e91f1c', 4, 0, '2013-08-02 07:58:35'),
(35, '-1', '214acf2c05442c719df82e7207e91f1c', 2, 0, '2013-08-02 07:58:35'),
(36, '-1', '214acf2c05442c719df82e7207e91f1c', 3, 0, '2013-08-02 07:58:35'),
(37, '-1', '214acf2c05442c719df82e7207e91f1c', 8, 0, '2013-08-02 07:58:35'),
(38, '-1', '214acf2c05442c719df82e7207e91f1c', 9, 0, '2013-08-02 07:58:35'),
(39, '-1', '214acf2c05442c719df82e7207e91f1c', 5, 0, '2013-08-02 07:58:35'),
(40, '-1', '214acf2c05442c719df82e7207e91f1c', 6, 0, '2013-08-02 07:58:35'),
(41, '-1', '214acf2c05442c719df82e7207e91f1c', 12, 0, '2013-08-02 07:58:35'),
(42, '-1', '214acf2c05442c719df82e7207e91f1c', 7, 0, '2013-08-02 07:58:35'),
(43, '-1', '214acf2c05442c719df82e7207e91f1c', 10, 0, '2013-08-02 07:58:35'),
(44, '-1', '214acf2c05442c719df82e7207e91f1c', 11, 0, '2013-08-02 07:58:35'),
(45, '-1', '214acf2c05442c719df82e7207e91f1c', 1, 0, '2013-08-02 07:58:35'),
(46, '-1', '214acf2c05442c719df82e7207e91f1c', 1, 0, '2013-08-02 07:58:35'),
(47, '-1', '214acf2c05442c719df82e7207e91f1c', 2, 0, '2013-08-02 07:58:35'),
(48, '-1', '214acf2c05442c719df82e7207e91f1c', 3, 0, '2013-08-02 07:58:35'),
(49, '-1', '214acf2c05442c719df82e7207e91f1c', 4, 0, '2013-08-02 07:58:35'),
(50, '-1', '214acf2c05442c719df82e7207e91f1c', 5, 0, '2013-08-02 07:58:35'),
(51, '-1', '214acf2c05442c719df82e7207e91f1c', 6, 0, '2013-08-02 07:58:35'),
(52, '-1', '214acf2c05442c719df82e7207e91f1c', 7, 0, '2013-08-02 07:58:35'),
(53, '-1', '214acf2c05442c719df82e7207e91f1c', 8, 0, '2013-08-02 07:58:35'),
(54, '-1', '214acf2c05442c719df82e7207e91f1c', 9, 0, '2013-08-02 07:58:35'),
(55, '-1', '214acf2c05442c719df82e7207e91f1c', 10, 0, '2013-08-02 07:58:35'),
(56, '-1', '214acf2c05442c719df82e7207e91f1c', 11, 0, '2013-08-02 07:58:35'),
(57, '-1', '214acf2c05442c719df82e7207e91f1c', 12, 0, '2013-08-02 07:58:35'),
(58, '-1', '214acf2c05442c719df82e7207e91f1c', 4, 0, '2013-08-02 08:03:48'),
(59, '-1', '2980fc2005de836a9b9edefdf42b9f32', 2, 1, '2013-08-02 08:33:54'),
(60, '-1', '2980fc2005de836a9b9edefdf42b9f32', 3, 1, '2013-08-02 08:33:53'),
(61, '-1', '214acf2c05442c719df82e7207e91f1c', 4, 0, '2013-08-02 08:34:16'),
(62, '-1', '2980fc2005de836a9b9edefdf42b9f32', 8, 1, '2013-08-02 08:51:42'),
(63, '-1', '2980fc2005de836a9b9edefdf42b9f32', 9, 1, '2013-08-02 08:51:44'),
(64, '-1', 'c2fdde14747d21129790e9429607a0da', 4, 1, '2013-08-02 08:54:05'),
(65, '-1', 'c2fdde14747d21129790e9429607a0da', 4, 1, '2013-08-02 08:54:07'),
(66, '-1', 'c2fdde14747d21129790e9429607a0da', 2, 1, '2013-08-02 08:54:08'),
(67, '-1', 'c2fdde14747d21129790e9429607a0da', 3, 1, '2013-08-02 08:54:08'),
(68, '-1', 'c2fdde14747d21129790e9429607a0da', 2, 1, '2013-08-02 08:54:09'),
(69, '-1', 'c2fdde14747d21129790e9429607a0da', 3, 1, '2013-08-02 08:54:10'),
(70, '-1', '2980fc2005de836a9b9edefdf42b9f32', 5, 1, '2013-08-02 09:09:09'),
(71, '-1', '2980fc2005de836a9b9edefdf42b9f32', 6, 1, '2013-08-02 09:09:11'),
(72, '-1', '2980fc2005de836a9b9edefdf42b9f32', 12, 0, '2013-08-02 08:51:57'),
(73, '-1', '2980fc2005de836a9b9edefdf42b9f32', 4, 1, '2013-08-02 09:09:12'),
(74, '-1', '214acf2c05442c719df82e7207e91f1c', 2, 0, '2013-08-02 08:53:01'),
(75, '-1', '214acf2c05442c719df82e7207e91f1c', 3, 0, '2013-08-02 08:53:01'),
(76, '-1', 'c2fdde14747d21129790e9429607a0da', 8, 1, '2013-08-02 08:56:05'),
(77, '-1', 'c2fdde14747d21129790e9429607a0da', 9, 1, '2013-08-02 08:56:06'),
(78, '-1', 'c2fdde14747d21129790e9429607a0da', 8, 1, '2013-08-02 08:56:06'),
(79, '-1', 'c2fdde14747d21129790e9429607a0da', 9, 1, '2013-08-02 08:56:07'),
(80, '-1', '214acf2c05442c719df82e7207e91f1c', 8, 0, '2013-08-02 09:01:35'),
(81, '-1', '214acf2c05442c719df82e7207e91f1c', 9, 0, '2013-08-02 09:01:35'),
(82, '-1', '214acf2c05442c719df82e7207e91f1c', 2, 0, '2013-08-02 09:03:25'),
(83, '-1', '214acf2c05442c719df82e7207e91f1c', 3, 0, '2013-08-02 09:03:25'),
(84, '-1', 'c2fdde14747d21129790e9429607a0da', 5, 1, '2013-08-02 09:53:36'),
(85, '-1', 'c2fdde14747d21129790e9429607a0da', 6, 1, '2013-08-02 09:53:37'),
(86, '-1', 'c2fdde14747d21129790e9429607a0da', 12, 1, '2013-08-02 09:53:38'),
(87, '-1', 'c2fdde14747d21129790e9429607a0da', 4, 1, '2013-08-02 10:31:35'),
(88, '-1', 'c2fdde14747d21129790e9429607a0da', 2, 1, '2013-08-02 10:31:36'),
(89, '-1', 'c2fdde14747d21129790e9429607a0da', 3, 1, '2013-08-02 10:31:37'),
(90, '-1', 'c2fdde14747d21129790e9429607a0da', 8, 1, '2013-08-02 10:31:39'),
(91, '-1', 'c2fdde14747d21129790e9429607a0da', 9, 1, '2013-08-02 10:31:39'),
(92, '-1', 'c2fdde14747d21129790e9429607a0da', 5, 1, '2013-08-02 10:31:39'),
(93, '-1', 'c2fdde14747d21129790e9429607a0da', 6, 1, '2013-08-02 10:31:40'),
(94, '-1', 'c2fdde14747d21129790e9429607a0da', 12, 1, '2013-08-02 10:31:41'),
(95, '-1', 'c2fdde14747d21129790e9429607a0da', 7, 1, '2013-08-02 10:31:42'),
(96, '-1', 'c2fdde14747d21129790e9429607a0da', 10, 1, '2013-08-02 10:31:42'),
(97, '-1', 'c2fdde14747d21129790e9429607a0da', 11, 1, '2013-08-02 10:31:43'),
(98, '-1', 'c2fdde14747d21129790e9429607a0da', 1, 1, '2013-08-02 10:31:44'),
(99, '-1', 'c2fdde14747d21129790e9429607a0da', 1, 1, '2013-08-02 10:31:46'),
(100, '-1', 'c2fdde14747d21129790e9429607a0da', 2, 1, '2013-08-02 10:31:46'),
(101, '-1', 'c2fdde14747d21129790e9429607a0da', 3, 1, '2013-08-02 10:31:47'),
(102, '-1', 'c2fdde14747d21129790e9429607a0da', 4, 1, '2013-08-02 10:31:48'),
(103, '-1', 'c2fdde14747d21129790e9429607a0da', 5, 1, '2013-08-02 10:31:52'),
(104, '-1', 'c2fdde14747d21129790e9429607a0da', 6, 1, '2013-08-02 10:31:49'),
(105, '-1', 'c2fdde14747d21129790e9429607a0da', 7, 1, '2013-08-02 10:31:50'),
(106, '-1', 'c2fdde14747d21129790e9429607a0da', 8, 1, '2013-08-02 10:31:51'),
(107, '-1', 'c2fdde14747d21129790e9429607a0da', 9, 1, '2013-08-02 10:31:52'),
(108, '-1', 'c2fdde14747d21129790e9429607a0da', 10, 1, '2013-08-02 10:31:53'),
(109, '-1', 'c2fdde14747d21129790e9429607a0da', 11, 1, '2013-08-02 10:31:53'),
(110, '-1', 'c2fdde14747d21129790e9429607a0da', 12, 1, '2013-08-02 10:31:54'),
(111, '-1', '214acf2c05442c719df82e7207e91f1c', 8, 0, '2013-08-02 09:59:19'),
(112, '-1', '214acf2c05442c719df82e7207e91f1c', 9, 0, '2013-08-02 09:59:19'),
(113, '-1', '214acf2c05442c719df82e7207e91f1c', 2, 0, '2013-08-02 10:05:58'),
(114, '-1', '214acf2c05442c719df82e7207e91f1c', 3, 0, '2013-08-02 10:05:58'),
(115, '-1', '2980fc2005de836a9b9edefdf42b9f32', 2, 1, '2013-08-02 10:26:31'),
(116, '-1', '2980fc2005de836a9b9edefdf42b9f32', 3, 1, '2013-08-02 10:26:32'),
(117, '-1', '214acf2c05442c719df82e7207e91f1c', 8, 0, '2013-08-02 10:28:05'),
(118, '-1', '214acf2c05442c719df82e7207e91f1c', 9, 0, '2013-08-02 10:28:05'),
(119, '-1', '2980fc2005de836a9b9edefdf42b9f32', 5, 1, '2013-08-02 11:10:19'),
(120, '-1', '2980fc2005de836a9b9edefdf42b9f32', 6, 1, '2013-08-02 11:10:21'),
(121, '-1', '2980fc2005de836a9b9edefdf42b9f32', 12, 0, '2013-08-02 10:35:04'),
(122, '-1', 'c2fdde14747d21129790e9429607a0da', 5, 1, '2013-08-02 10:50:44'),
(123, '-1', 'c2fdde14747d21129790e9429607a0da', 6, 1, '2013-08-02 10:50:44'),
(124, '-1', 'c2fdde14747d21129790e9429607a0da', 12, 1, '2013-08-02 10:50:45'),
(125, '-1', 'd4b48b5652d297ae55938ddd35534199', 4, 1, '2013-08-02 12:08:54'),
(126, '-1', 'd4b48b5652d297ae55938ddd35534199', 4, 1, '2013-08-02 12:08:55'),
(127, '-1', 'd4b48b5652d297ae55938ddd35534199', 2, 1, '2013-08-02 12:08:56'),
(128, '-1', 'd4b48b5652d297ae55938ddd35534199', 3, 1, '2013-08-02 12:08:57'),
(129, '-1', 'd4b48b5652d297ae55938ddd35534199', 2, 1, '2013-08-02 13:03:59'),
(130, '-1', 'd4b48b5652d297ae55938ddd35534199', 3, 1, '2013-08-02 13:04:01'),
(131, '-1', 'd4b48b5652d297ae55938ddd35534199', 4, 1, '2013-08-02 13:04:00'),
(132, '-1', 'd4b48b5652d297ae55938ddd35534199', 2, 1, '2013-08-02 13:04:03'),
(133, '-1', 'd4b48b5652d297ae55938ddd35534199', 3, 1, '2013-08-02 13:04:02'),
(134, '-1', 'd4b48b5652d297ae55938ddd35534199', 8, 1, '2013-08-02 13:04:04'),
(135, '-1', 'd4b48b5652d297ae55938ddd35534199', 9, 1, '2013-08-02 13:04:03'),
(136, '-1', 'd4b48b5652d297ae55938ddd35534199', 5, 1, '2013-08-02 13:04:05'),
(137, '-1', 'd4b48b5652d297ae55938ddd35534199', 6, 1, '2013-08-02 13:04:04'),
(138, '-1', 'd4b48b5652d297ae55938ddd35534199', 12, 1, '2013-08-02 13:04:06'),
(139, '-1', 'd4b48b5652d297ae55938ddd35534199', 7, 1, '2013-08-02 13:04:06'),
(140, '-1', 'd4b48b5652d297ae55938ddd35534199', 10, 1, '2013-08-02 13:04:07'),
(141, '-1', 'd4b48b5652d297ae55938ddd35534199', 11, 1, '2013-08-02 13:04:10'),
(142, '-1', 'd4b48b5652d297ae55938ddd35534199', 1, 1, '2013-08-02 13:04:08'),
(143, '-1', 'd4b48b5652d297ae55938ddd35534199', 1, 1, '2013-08-02 13:04:10'),
(144, '-1', 'd4b48b5652d297ae55938ddd35534199', 2, 1, '2013-08-02 13:04:09'),
(145, '-1', 'd4b48b5652d297ae55938ddd35534199', 3, 1, '2013-08-02 13:04:09'),
(146, '-1', 'd4b48b5652d297ae55938ddd35534199', 4, 1, '2013-08-02 13:04:12'),
(147, '-1', 'd4b48b5652d297ae55938ddd35534199', 5, 1, '2013-08-02 13:04:11'),
(148, '-1', 'd4b48b5652d297ae55938ddd35534199', 6, 1, '2013-08-02 13:04:11'),
(149, '-1', 'd4b48b5652d297ae55938ddd35534199', 7, 1, '2013-08-02 13:04:14'),
(150, '-1', 'd4b48b5652d297ae55938ddd35534199', 8, 1, '2013-08-02 13:04:13'),
(151, '-1', 'd4b48b5652d297ae55938ddd35534199', 9, 1, '2013-08-02 13:04:12'),
(152, '-1', 'd4b48b5652d297ae55938ddd35534199', 10, 1, '2013-08-02 13:04:14'),
(153, '-1', 'd4b48b5652d297ae55938ddd35534199', 11, 1, '2013-08-02 13:04:16'),
(154, '-1', 'd4b48b5652d297ae55938ddd35534199', 12, 1, '2013-08-02 13:04:15'),
(155, '-1', 'dd41c2ff58e4517a2142904acb118a42', 4, 0, '2013-08-02 12:53:56'),
(156, '-1', 'dd41c2ff58e4517a2142904acb118a42', 4, 0, '2013-08-02 12:56:33'),
(157, '-1', 'dd41c2ff58e4517a2142904acb118a42', 2, 0, '2013-08-02 12:58:40'),
(158, '-1', 'dd41c2ff58e4517a2142904acb118a42', 3, 0, '2013-08-02 12:58:40'),
(159, '-1', 'dd41c2ff58e4517a2142904acb118a42', 2, 0, '2013-08-02 12:59:24'),
(160, '-1', 'dd41c2ff58e4517a2142904acb118a42', 3, 0, '2013-08-02 12:59:24'),
(161, '-1', '5710f414c9e4e594a13f82a91dac5eab', 4, 1, '2013-08-03 05:14:08'),
(162, '-1', '5710f414c9e4e594a13f82a91dac5eab', 2, 1, '2013-08-03 05:14:10'),
(163, '-1', '5710f414c9e4e594a13f82a91dac5eab', 3, 1, '2013-08-03 05:14:09'),
(164, '-1', '5710f414c9e4e594a13f82a91dac5eab', 8, 1, '2013-08-03 05:14:09'),
(165, '-1', '5710f414c9e4e594a13f82a91dac5eab', 9, 1, '2013-08-03 05:14:11'),
(166, '-1', '5710f414c9e4e594a13f82a91dac5eab', 5, 1, '2013-08-03 05:14:12'),
(167, '-1', '5710f414c9e4e594a13f82a91dac5eab', 6, 1, '2013-08-03 05:14:12'),
(168, '-1', '5710f414c9e4e594a13f82a91dac5eab', 12, 1, '2013-08-03 05:14:13'),
(169, '-1', '5710f414c9e4e594a13f82a91dac5eab', 7, 1, '2013-08-03 05:14:14'),
(170, '-1', '5710f414c9e4e594a13f82a91dac5eab', 10, 1, '2013-08-03 05:14:14'),
(171, '-1', '5710f414c9e4e594a13f82a91dac5eab', 11, 1, '2013-08-03 05:14:15'),
(172, '-1', '5710f414c9e4e594a13f82a91dac5eab', 1, 1, '2013-08-03 05:14:16'),
(173, '-1', '5710f414c9e4e594a13f82a91dac5eab', 1, 1, '2013-08-03 05:14:16'),
(174, '-1', '5710f414c9e4e594a13f82a91dac5eab', 2, 1, '2013-08-03 05:14:17'),
(175, '-1', '5710f414c9e4e594a13f82a91dac5eab', 3, 1, '2013-08-03 05:14:18'),
(176, '-1', '5710f414c9e4e594a13f82a91dac5eab', 4, 1, '2013-08-03 05:14:19'),
(177, '-1', '5710f414c9e4e594a13f82a91dac5eab', 5, 1, '2013-08-03 05:14:19'),
(178, '-1', '5710f414c9e4e594a13f82a91dac5eab', 6, 1, '2013-08-03 05:14:20'),
(179, '-1', '5710f414c9e4e594a13f82a91dac5eab', 7, 1, '2013-08-03 05:14:20'),
(180, '-1', '5710f414c9e4e594a13f82a91dac5eab', 8, 1, '2013-08-03 05:14:21'),
(181, '-1', '5710f414c9e4e594a13f82a91dac5eab', 9, 1, '2013-08-03 05:14:21'),
(182, '-1', '5710f414c9e4e594a13f82a91dac5eab', 10, 1, '2013-08-03 05:14:22'),
(183, '-1', '5710f414c9e4e594a13f82a91dac5eab', 11, 1, '2013-08-03 05:14:23'),
(184, '-1', '5710f414c9e4e594a13f82a91dac5eab', 12, 1, '2013-08-03 05:14:23');

-- --------------------------------------------------------

--
-- Table structure for table `game_map`
--

CREATE TABLE IF NOT EXISTS `game_map` (
  `mid` smallint(6) NOT NULL,
  `special_type` int(11) NOT NULL,
  `introduction` text COLLATE utf8_unicode_ci NOT NULL,
  `n_0` smallint(6) NOT NULL,
  `n_1` smallint(6) NOT NULL,
  `n_2` smallint(6) NOT NULL,
  `n_3` smallint(6) NOT NULL,
  `location_x` int(11) NOT NULL,
  `location_y` int(11) NOT NULL,
  PRIMARY KEY (`mid`)
) ENGINE=MyISAM DEFAULT CHARSET=utf8 COLLATE=utf8_unicode_ci;

--
-- Dumping data for table `game_map`
--

INSERT INTO `game_map` (`mid`, `special_type`, `introduction`, `n_0`, `n_1`, `n_2`, `n_3`, `location_x`, `location_y`) VALUES
(1, 0, '起始', 0, 59, 60, 2, 939, 1388),
(2, 0, '觀景', 0, 1, 0, 3, 1056, 1282),
(3, 8, '校史', 0, 2, 0, 4, 1145, 1188),
(4, 0, '據', 0, 3, 0, 5, 1231, 1101),
(5, 0, 'B13', 0, 4, 0, 6, 1319, 1015),
(6, 0, '遊', 0, 5, 67, 7, 1428, 899),
(7, 0, 'B5', 0, 6, 0, 8, 1561, 773),
(8, 0, 'B6', 0, 7, 0, 9, 1691, 632),
(9, 1, '?', 0, 8, 10, 0, 1824, 510),
(10, 0, 'B7', 9, 0, 11, 0, 1950, 641),
(11, 0, '7餐', 10, 0, 12, 0, 2089, 780),
(12, 13, 'B11', 11, 0, 13, 0, 2222, 916),
(13, 0, 'G14', 12, 69, 14, 0, 2361, 1048),
(14, 0, '志道', 13, 0, 15, 0, 2806, 1505),
(15, 2, '!', 14, 74, 16, 70, 3157, 1857),
(16, 0, 'B3', 15, 0, 17, 0, 3281, 1981),
(17, 0, 'G5', 16, 0, 18, 0, 3395, 2095),
(18, 1, '?', 17, 76, 19, 0, 3520, 2219),
(19, 0, '中大幼', 18, 0, 20, 0, 3637, 2333),
(20, 7, '後門', 19, 21, 0, 72, 3738, 2441),
(21, 0, '警衛室', 0, 22, 0, 20, 3628, 2555),
(22, 0, '教職員', 0, 23, 0, 21, 3549, 2637),
(23, 0, '國際事', 0, 24, 0, 22, 3469, 2720),
(24, 0, '松苑', 80, 25, 0, 23, 3351, 2827),
(25, 6, '依仁', 0, 85, 26, 24, 2854, 3337),
(26, 0, '室外排', 25, 0, 27, 0, 2952, 3440),
(27, 0, '操場', 26, 0, 28, 0, 3031, 3522),
(28, 0, '工三', 27, 0, 29, 0, 3100, 3593),
(29, 2, '!', 28, 30, 82, 0, 3202, 3701),
(30, 0, '工四', 0, 31, 0, 29, 3106, 3805),
(31, 0, '游泳', 0, 32, 0, 30, 3031, 3888),
(32, 5, '室外籃', 33, 0, 0, 31, 2925, 3997),
(33, 0, '網球', 34, 0, 32, 0, 2749, 3813),
(34, 1, '?', 35, 0, 33, 86, 2567, 3630),
(35, 0, '中大湖', 36, 0, 34, 0, 2425, 3480),
(36, 2, '!', 91, 37, 35, 0, 2271, 3330),
(37, 0, '科四', 0, 38, 0, 36, 2110, 3490),
(38, 0, '理教', 39, 0, 87, 37, 1945, 3667),
(39, 0, '科五', 40, 0, 38, 0, 1798, 3511),
(40, 2, '!', 0, 0, 39, 41, 1655, 3361),
(41, 0, '鴻經', 0, 40, 0, 42, 1772, 3240),
(42, 0, '綜教', 0, 41, 0, 43, 1861, 3150),
(43, 1, '?', 44, 42, 92, 96, 1982, 3033),
(44, 11, '鬆餅', 45, 0, 43, 0, 1842, 2893),
(45, 0, '管一', 46, 93, 44, 97, 1706, 2755),
(46, 0, '國鼎', 47, 0, 45, 0, 1596, 2646),
(47, 2, '!', 48, 0, 46, 0, 1520, 2574),
(48, 0, '男研', 49, 0, 47, 0, 1435, 2487),
(49, 0, '中大會', 50, 0, 48, 0, 1359, 2409),
(50, 0, 'B12', 51, 0, 49, 0, 1280, 2333),
(51, 0, 'B12停', 52, 0, 50, 0, 1199, 2253),
(52, 0, 'B9B', 53, 0, 51, 0, 1122, 2173),
(53, 2, '!', 54, 0, 52, 0, 1041, 2096),
(54, 0, 'turtle', 55, 0, 53, 0, 963, 2018),
(55, 0, '9餐', 56, 0, 54, 0, 855, 1906),
(56, 0, 'B9A', 57, 0, 55, 0, 745, 1798),
(57, 1, '?', 0, 0, 56, 58, 641, 1695),
(58, 0, '垃圾場', 0, 57, 0, 59, 751, 1585),
(59, 12, '公車站', 0, 58, 0, 1, 831, 1502),
(60, 0, '行政', 1, 0, 61, 0, 1042, 1497),
(61, 0, '黑盒', 60, 98, 62, 0, 1148, 1603),
(62, 0, '總圖', 61, 0, 63, 0, 1255, 1709),
(63, 10, '舊圖', 62, 97, 64, 0, 2013, 2459),
(64, 9, '百花川', 63, 96, 0, 65, 2285, 2722),
(65, 1, '?', 66, 64, 81, 75, 2764, 2246),
(66, 0, '國泰樹', 67, 0, 65, 68, 1960, 1434),
(67, 0, '科一', 6, 0, 66, 0, 1642, 1112),
(68, 0, '國際宿舍', 0, 66, 0, 69, 2102, 1312),
(69, 0, '宿舍服', 0, 68, 0, 13, 2233, 1177),
(70, 0, '宵夜', 0, 15, 0, 71, 3265, 1745),
(71, 4, '傳送點', 0, 70, 0, 0, 3372, 1637),
(72, 1, '?', 0, 20, 0, 73, 3846, 2336),
(73, 4, '傳送點', 0, 72, 0, 0, 3947, 2236),
(74, 0, '海音', 0, 75, 0, 15, 3028, 1979),
(75, 0, '雲', 0, 65, 0, 74, 2900, 2111),
(76, 0, '圖美', 0, 77, 0, 18, 3413, 2331),
(77, 0, 'G1~4', 0, 78, 0, 76, 3330, 2420),
(78, 0, '荷花', 0, 79, 0, 77, 3246, 2503),
(79, 2, '!', 81, 0, 80, 78, 3139, 2616),
(80, 0, '工二', 79, 0, 24, 0, 3247, 2720),
(81, 0, '工一', 65, 0, 79, 0, 2953, 2434),
(82, 0, '工五', 29, 0, 83, 0, 3314, 3806),
(83, 0, '太遙', 82, 0, 84, 0, 3389, 3888),
(84, 4, '傳送點', 83, 0, 0, 0, 3498, 3999),
(85, 0, '羽球', 0, 86, 0, 25, 2752, 3442),
(86, 0, '溜冰', 0, 34, 0, 85, 2671, 3518),
(87, 0, '光電', 38, 0, 88, 0, 2048, 3774),
(88, 0, '客家', 87, 0, 89, 0, 2128, 3854),
(89, 1, '?', 88, 0, 90, 0, 2206, 3935),
(90, 4, '傳送點', 89, 0, 0, 0, 2317, 4049),
(91, 0, '科三', 92, 0, 36, 0, 2166, 3220),
(92, 0, '科二', 43, 0, 91, 0, 2083, 3138),
(93, 0, '館二', 0, 94, 0, 45, 1572, 2887),
(94, 2, '!', 0, 95, 0, 93, 1434, 3024),
(95, 4, '傳送點', 0, 0, 0, 94, 1305, 3160),
(96, 0, '壘球', 0, 43, 0, 64, 2133, 2879),
(97, 0, '太極', 0, 45, 0, 63, 1860, 2606),
(98, 0, '文院', 0, 99, 0, 61, 1061, 1693),
(99, 4, '傳送點', 0, 0, 0, 98, 974, 1779);

-- --------------------------------------------------------

--
-- Table structure for table `game_message_board`
--

CREATE TABLE IF NOT EXISTS `game_message_board` (
  `pid` int(11) NOT NULL AUTO_INCREMENT,
  `uid_me` varchar(32) COLLATE utf8_unicode_ci NOT NULL,
  `uid_him` varchar(32) COLLATE utf8_unicode_ci NOT NULL,
  `message` text COLLATE utf8_unicode_ci NOT NULL,
  `time` int(11) NOT NULL,
  PRIMARY KEY (`pid`)
) ENGINE=MyISAM DEFAULT CHARSET=utf8 COLLATE=utf8_unicode_ci AUTO_INCREMENT=1 ;

-- --------------------------------------------------------

--
-- Table structure for table `game_owned_card`
--

CREATE TABLE IF NOT EXISTS `game_owned_card` (
  `pid` int(11) NOT NULL AUTO_INCREMENT,
  `uid` varchar(32) COLLATE utf8_unicode_ci NOT NULL,
  `type` int(11) NOT NULL,
  `available` tinyint(4) NOT NULL DEFAULT '1',
  PRIMARY KEY (`pid`)
) ENGINE=MyISAM  DEFAULT CHARSET=utf8 COLLATE=utf8_unicode_ci AUTO_INCREMENT=158 ;

--
-- Dumping data for table `game_owned_card`
--

INSERT INTO `game_owned_card` (`pid`, `uid`, `type`, `available`) VALUES
(1, '214acf2c05442c719df82e7207e91f1c', 4, 0),
(2, '5710f414c9e4e594a13f82a91dac5eab', 4, 0),
(3, '5710f414c9e4e594a13f82a91dac5eab', 4, 0),
(4, '5710f414c9e4e594a13f82a91dac5eab', 3, 0),
(5, '5710f414c9e4e594a13f82a91dac5eab', 2, 0),
(6, '2980fc2005de836a9b9edefdf42b9f32', 4, 1),
(7, '2980fc2005de836a9b9edefdf42b9f32', 4, 1),
(8, '2980fc2005de836a9b9edefdf42b9f32', 2, 0),
(9, '2980fc2005de836a9b9edefdf42b9f32', 3, 0),
(10, '2980fc2005de836a9b9edefdf42b9f32', 8, 1),
(11, '2980fc2005de836a9b9edefdf42b9f32', 9, 1),
(12, '2980fc2005de836a9b9edefdf42b9f32', 5, 0),
(13, '2980fc2005de836a9b9edefdf42b9f32', 6, 1),
(14, '2980fc2005de836a9b9edefdf42b9f32', 7, 0),
(15, '2980fc2005de836a9b9edefdf42b9f32', 10, 1),
(16, '2980fc2005de836a9b9edefdf42b9f32', 11, 1),
(17, '2980fc2005de836a9b9edefdf42b9f32', 1, 0),
(18, '2980fc2005de836a9b9edefdf42b9f32', 1, 0),
(19, '2980fc2005de836a9b9edefdf42b9f32', 2, 1),
(20, '2980fc2005de836a9b9edefdf42b9f32', 3, 0),
(21, '2980fc2005de836a9b9edefdf42b9f32', 4, 1),
(22, '2980fc2005de836a9b9edefdf42b9f32', 5, 0),
(23, '2980fc2005de836a9b9edefdf42b9f32', 6, 1),
(24, '2980fc2005de836a9b9edefdf42b9f32', 7, 0),
(25, '2980fc2005de836a9b9edefdf42b9f32', 8, 1),
(26, '2980fc2005de836a9b9edefdf42b9f32', 9, 1),
(27, '2980fc2005de836a9b9edefdf42b9f32', 10, 1),
(28, '2980fc2005de836a9b9edefdf42b9f32', 11, 1),
(29, '214acf2c05442c719df82e7207e91f1c', 4, 1),
(30, '214acf2c05442c719df82e7207e91f1c', 7, 1),
(31, '214acf2c05442c719df82e7207e91f1c', 7, 1),
(32, '2980fc2005de836a9b9edefdf42b9f32', 4, 1),
(33, '2980fc2005de836a9b9edefdf42b9f32', 2, 1),
(34, '2980fc2005de836a9b9edefdf42b9f32', 3, 1),
(35, '2980fc2005de836a9b9edefdf42b9f32', 8, 1),
(36, '2980fc2005de836a9b9edefdf42b9f32', 9, 1),
(37, '2980fc2005de836a9b9edefdf42b9f32', 5, 0),
(38, '2980fc2005de836a9b9edefdf42b9f32', 6, 1),
(39, '2980fc2005de836a9b9edefdf42b9f32', 7, 1),
(40, '2980fc2005de836a9b9edefdf42b9f32', 10, 1),
(41, '2980fc2005de836a9b9edefdf42b9f32', 11, 1),
(42, '2980fc2005de836a9b9edefdf42b9f32', 1, 0),
(43, '2980fc2005de836a9b9edefdf42b9f32', 1, 0),
(44, '2980fc2005de836a9b9edefdf42b9f32', 2, 1),
(45, '2980fc2005de836a9b9edefdf42b9f32', 3, 1),
(46, '2980fc2005de836a9b9edefdf42b9f32', 4, 1),
(47, '2980fc2005de836a9b9edefdf42b9f32', 5, 0),
(48, '2980fc2005de836a9b9edefdf42b9f32', 6, 1),
(49, '2980fc2005de836a9b9edefdf42b9f32', 7, 1),
(50, '2980fc2005de836a9b9edefdf42b9f32', 8, 1),
(51, '2980fc2005de836a9b9edefdf42b9f32', 9, 1),
(52, '2980fc2005de836a9b9edefdf42b9f32', 10, 1),
(53, '2980fc2005de836a9b9edefdf42b9f32', 11, 1),
(54, '2980fc2005de836a9b9edefdf42b9f32', 4, 1),
(55, '2980fc2005de836a9b9edefdf42b9f32', 2, 1),
(56, '2980fc2005de836a9b9edefdf42b9f32', 3, 1),
(57, '2980fc2005de836a9b9edefdf42b9f32', 5, 1),
(58, '2980fc2005de836a9b9edefdf42b9f32', 8, 1),
(59, '2980fc2005de836a9b9edefdf42b9f32', 9, 1),
(60, '2980fc2005de836a9b9edefdf42b9f32', 6, 1),
(61, '2980fc2005de836a9b9edefdf42b9f32', 3, 1),
(62, '2980fc2005de836a9b9edefdf42b9f32', 2, 1),
(63, '2980fc2005de836a9b9edefdf42b9f32', 8, 1),
(64, '2980fc2005de836a9b9edefdf42b9f32', 9, 1),
(65, 'c2fdde14747d21129790e9429607a0da', 4, 0),
(66, 'c2fdde14747d21129790e9429607a0da', 4, 1),
(67, 'c2fdde14747d21129790e9429607a0da', 2, 1),
(68, 'c2fdde14747d21129790e9429607a0da', 3, 1),
(69, 'c2fdde14747d21129790e9429607a0da', 2, 1),
(70, 'c2fdde14747d21129790e9429607a0da', 3, 1),
(71, 'c2fdde14747d21129790e9429607a0da', 8, 1),
(72, 'c2fdde14747d21129790e9429607a0da', 9, 1),
(73, 'c2fdde14747d21129790e9429607a0da', 8, 1),
(74, 'c2fdde14747d21129790e9429607a0da', 9, 1),
(75, '2980fc2005de836a9b9edefdf42b9f32', 5, 1),
(76, '2980fc2005de836a9b9edefdf42b9f32', 6, 1),
(77, '2980fc2005de836a9b9edefdf42b9f32', 4, 1),
(78, 'c2fdde14747d21129790e9429607a0da', 5, 1),
(79, 'c2fdde14747d21129790e9429607a0da', 6, 1),
(80, '2980fc2005de836a9b9edefdf42b9f32', 2, 1),
(81, '2980fc2005de836a9b9edefdf42b9f32', 3, 1),
(82, 'c2fdde14747d21129790e9429607a0da', 4, 1),
(83, 'c2fdde14747d21129790e9429607a0da', 2, 1),
(84, 'c2fdde14747d21129790e9429607a0da', 3, 1),
(85, 'c2fdde14747d21129790e9429607a0da', 9, 1),
(86, 'c2fdde14747d21129790e9429607a0da', 8, 1),
(87, 'c2fdde14747d21129790e9429607a0da', 5, 1),
(88, 'c2fdde14747d21129790e9429607a0da', 6, 1),
(89, 'c2fdde14747d21129790e9429607a0da', 7, 1),
(90, 'c2fdde14747d21129790e9429607a0da', 10, 1),
(91, 'c2fdde14747d21129790e9429607a0da', 11, 1),
(92, 'c2fdde14747d21129790e9429607a0da', 1, 0),
(93, 'c2fdde14747d21129790e9429607a0da', 1, 0),
(94, 'c2fdde14747d21129790e9429607a0da', 2, 1),
(95, 'c2fdde14747d21129790e9429607a0da', 3, 1),
(96, 'c2fdde14747d21129790e9429607a0da', 4, 1),
(97, 'c2fdde14747d21129790e9429607a0da', 6, 1),
(98, 'c2fdde14747d21129790e9429607a0da', 7, 1),
(99, 'c2fdde14747d21129790e9429607a0da', 8, 1),
(100, 'c2fdde14747d21129790e9429607a0da', 9, 1),
(101, 'c2fdde14747d21129790e9429607a0da', 5, 1),
(102, 'c2fdde14747d21129790e9429607a0da', 10, 1),
(103, 'c2fdde14747d21129790e9429607a0da', 11, 1),
(104, 'c2fdde14747d21129790e9429607a0da', 5, 1),
(105, 'c2fdde14747d21129790e9429607a0da', 6, 1),
(106, '2980fc2005de836a9b9edefdf42b9f32', 5, 1),
(107, '2980fc2005de836a9b9edefdf42b9f32', 6, 1),
(108, 'd4b48b5652d297ae55938ddd35534199', 4, 0),
(109, 'd4b48b5652d297ae55938ddd35534199', 4, 1),
(110, 'd4b48b5652d297ae55938ddd35534199', 2, 1),
(111, 'd4b48b5652d297ae55938ddd35534199', 3, 1),
(112, 'd4b48b5652d297ae55938ddd35534199', 2, 1),
(113, 'd4b48b5652d297ae55938ddd35534199', 4, 1),
(114, 'd4b48b5652d297ae55938ddd35534199', 3, 1),
(115, 'd4b48b5652d297ae55938ddd35534199', 3, 1),
(116, 'd4b48b5652d297ae55938ddd35534199', 2, 1),
(117, 'd4b48b5652d297ae55938ddd35534199', 9, 1),
(118, 'd4b48b5652d297ae55938ddd35534199', 8, 1),
(119, 'd4b48b5652d297ae55938ddd35534199', 6, 1),
(120, 'd4b48b5652d297ae55938ddd35534199', 5, 1),
(121, 'd4b48b5652d297ae55938ddd35534199', 7, 1),
(122, 'd4b48b5652d297ae55938ddd35534199', 10, 1),
(123, 'd4b48b5652d297ae55938ddd35534199', 1, 0),
(124, 'd4b48b5652d297ae55938ddd35534199', 3, 1),
(125, 'd4b48b5652d297ae55938ddd35534199', 2, 1),
(126, 'd4b48b5652d297ae55938ddd35534199', 1, 0),
(127, 'd4b48b5652d297ae55938ddd35534199', 11, 1),
(128, 'd4b48b5652d297ae55938ddd35534199', 6, 1),
(129, 'd4b48b5652d297ae55938ddd35534199', 5, 1),
(130, 'd4b48b5652d297ae55938ddd35534199', 4, 1),
(131, 'd4b48b5652d297ae55938ddd35534199', 9, 1),
(132, 'd4b48b5652d297ae55938ddd35534199', 8, 1),
(133, 'd4b48b5652d297ae55938ddd35534199', 10, 1),
(134, 'd4b48b5652d297ae55938ddd35534199', 7, 1),
(135, 'd4b48b5652d297ae55938ddd35534199', 11, 1),
(136, '5710f414c9e4e594a13f82a91dac5eab', 4, 0),
(137, '5710f414c9e4e594a13f82a91dac5eab', 8, 0),
(138, '5710f414c9e4e594a13f82a91dac5eab', 3, 1),
(139, '5710f414c9e4e594a13f82a91dac5eab', 2, 1),
(140, '5710f414c9e4e594a13f82a91dac5eab', 9, 1),
(141, '5710f414c9e4e594a13f82a91dac5eab', 5, 0),
(142, '5710f414c9e4e594a13f82a91dac5eab', 6, 1),
(143, '5710f414c9e4e594a13f82a91dac5eab', 7, 1),
(144, '5710f414c9e4e594a13f82a91dac5eab', 10, 0),
(145, '5710f414c9e4e594a13f82a91dac5eab', 11, 1),
(146, '5710f414c9e4e594a13f82a91dac5eab', 1, 0),
(147, '5710f414c9e4e594a13f82a91dac5eab', 1, 0),
(148, '5710f414c9e4e594a13f82a91dac5eab', 2, 1),
(149, '5710f414c9e4e594a13f82a91dac5eab', 3, 1),
(150, '5710f414c9e4e594a13f82a91dac5eab', 4, 0),
(151, '5710f414c9e4e594a13f82a91dac5eab', 5, 1),
(152, '5710f414c9e4e594a13f82a91dac5eab', 6, 1),
(153, '5710f414c9e4e594a13f82a91dac5eab', 7, 1),
(154, '5710f414c9e4e594a13f82a91dac5eab', 8, 1),
(155, '5710f414c9e4e594a13f82a91dac5eab', 9, 1),
(156, '5710f414c9e4e594a13f82a91dac5eab', 10, 0),
(157, '5710f414c9e4e594a13f82a91dac5eab', 11, 1);

-- --------------------------------------------------------

--
-- Table structure for table `game_owned_furniture`
--

CREATE TABLE IF NOT EXISTS `game_owned_furniture` (
  `pid` int(11) NOT NULL AUTO_INCREMENT,
  `uid` varchar(32) COLLATE utf8_unicode_ci NOT NULL,
  `fid` smallint(6) NOT NULL COMMENT 'which type of furniture',
  `active` tinyint(4) NOT NULL,
  PRIMARY KEY (`pid`)
) ENGINE=MyISAM  DEFAULT CHARSET=utf8 COLLATE=utf8_unicode_ci AUTO_INCREMENT=7 ;

--
-- Dumping data for table `game_owned_furniture`
--

INSERT INTO `game_owned_furniture` (`pid`, `uid`, `fid`, `active`) VALUES
(1, '09548bde2388e3f43445dfd1e9fe90af', 0, 1),
(2, '09548bde2388e3f43445dfd1e9fe90af', 6, 1),
(3, '09548bde2388e3f43445dfd1e9fe90af', 5, 1),
(4, '09548bde2388e3f43445dfd1e9fe90af', 4, 1),
(5, 'd4b48b5652d297ae55938ddd35534199', 0, 1),
(6, 'd4b48b5652d297ae55938ddd35534199', 6, 1);

-- --------------------------------------------------------

--
-- Table structure for table `game_owned_style`
--

CREATE TABLE IF NOT EXISTS `game_owned_style` (
  `pid` int(11) NOT NULL AUTO_INCREMENT,
  `uid` varchar(32) COLLATE utf8_unicode_ci NOT NULL,
  `sid` int(11) NOT NULL,
  `active` tinyint(4) NOT NULL DEFAULT '0',
  PRIMARY KEY (`pid`)
) ENGINE=MyISAM  DEFAULT CHARSET=utf8 COLLATE=utf8_unicode_ci AUTO_INCREMENT=14 ;

--
-- Dumping data for table `game_owned_style`
--

INSERT INTO `game_owned_style` (`pid`, `uid`, `sid`, `active`) VALUES
(1, '0623f3c7e7dc36c55a169948728876b7', 0, 0),
(2, 'be21ac26fd0e7285f81f9bc8b3bf5b28', 0, 0),
(3, '214acf2c05442c719df82e7207e91f1c', 1, 0),
(4, '2980fc2005de836a9b9edefdf42b9f32', 0, 0),
(5, '214acf2c05442c719df82e7207e91f1c', 7, 0),
(6, '5710f414c9e4e594a13f82a91dac5eab', 0, 0),
(7, 'c2fdde14747d21129790e9429607a0da', 0, 0),
(8, 'd4b48b5652d297ae55938ddd35534199', 1, 0),
(9, 'dd41c2ff58e4517a2142904acb118a42', 0, 0),
(10, 'd4b48b5652d297ae55938ddd35534199', 6, 0),
(11, 'd4b48b5652d297ae55938ddd35534199', 0, 0),
(12, '6e171f2f6bedeb49a1d929412c80c938', 1, 0),
(13, 'e2ff82cf3d75b42ad6b6745d89900e2d', 1, 0);

-- --------------------------------------------------------

--
-- Table structure for table `game_shop_card`
--

CREATE TABLE IF NOT EXISTS `game_shop_card` (
  `pid` int(11) NOT NULL AUTO_INCREMENT,
  `cid` int(11) NOT NULL,
  `cost` int(11) NOT NULL,
  `name` text COLLATE utf8_unicode_ci NOT NULL,
  `message` text COLLATE utf8_unicode_ci NOT NULL,
  PRIMARY KEY (`pid`)
) ENGINE=MyISAM  DEFAULT CHARSET=utf8 COLLATE=utf8_unicode_ci AUTO_INCREMENT=13 ;

--
-- Dumping data for table `game_shop_card`
--

INSERT INTO `game_shop_card` (`pid`, `cid`, `cost`, `name`, `message`) VALUES
(1, 1, 1, '免死金牌', ''),
(2, 2, 1, '加倍卡', ''),
(3, 3, 1, '骰子卡', ''),
(4, 4, 1, '樂透卡', ''),
(5, 5, 1, '路障卡', ''),
(6, 6, 1, '鑽地卡', ''),
(7, 7, 1, '傳送卡', ''),
(8, 8, 1, '財神卡', ''),
(9, 9, 1, '衰神卡', ''),
(10, 10, 1, '強盜卡', ''),
(11, 11, 1, '防盜卡', ''),
(12, 12, 1, '能量卡', '');

-- --------------------------------------------------------

--
-- Table structure for table `game_shop_furniture`
--

CREATE TABLE IF NOT EXISTS `game_shop_furniture` (
  `pid` int(11) NOT NULL AUTO_INCREMENT,
  `fid` int(11) NOT NULL,
  `type` int(11) NOT NULL,
  `cost` int(11) NOT NULL,
  `name` text COLLATE utf8_unicode_ci NOT NULL,
  `message` text COLLATE utf8_unicode_ci NOT NULL,
  PRIMARY KEY (`pid`)
) ENGINE=MyISAM  DEFAULT CHARSET=utf8 COLLATE=utf8_unicode_ci AUTO_INCREMENT=8 ;

--
-- Dumping data for table `game_shop_furniture`
--

INSERT INTO `game_shop_furniture` (`pid`, `fid`, `type`, `cost`, `name`, `message`) VALUES
(1, 4, 1, 10, '沙發', ''),
(2, 5, 2, 10, '桌子', ''),
(3, 6, 3, 10, '書櫃', ''),
(4, 0, 4, 10, '椅子', ''),
(5, 2, 5, 10, '板凳', ''),
(6, 1, 6, 10, '床', '可以上'),
(7, 3, 7, 10, '時鐘', '');

-- --------------------------------------------------------

--
-- Table structure for table `game_shop_furniture_type`
--

CREATE TABLE IF NOT EXISTS `game_shop_furniture_type` (
  `pid` int(11) NOT NULL AUTO_INCREMENT,
  `type` int(11) NOT NULL,
  `type_name` varchar(30) COLLATE utf8_unicode_ci NOT NULL,
  PRIMARY KEY (`pid`)
) ENGINE=MyISAM  DEFAULT CHARSET=utf8 COLLATE=utf8_unicode_ci AUTO_INCREMENT=8 ;

--
-- Dumping data for table `game_shop_furniture_type`
--

INSERT INTO `game_shop_furniture_type` (`pid`, `type`, `type_name`) VALUES
(1, 1, '沙發'),
(2, 2, '桌子'),
(3, 3, '書櫃'),
(4, 4, '椅子'),
(5, 5, '板凳'),
(6, 6, '床'),
(7, 7, '時鐘');

-- --------------------------------------------------------

--
-- Table structure for table `game_shop_style`
--

CREATE TABLE IF NOT EXISTS `game_shop_style` (
  `pid` int(11) NOT NULL AUTO_INCREMENT,
  `sid` int(11) NOT NULL,
  `cost` int(11) NOT NULL,
  `type` int(11) NOT NULL,
  `name` text COLLATE utf8_unicode_ci NOT NULL,
  `message` text COLLATE utf8_unicode_ci NOT NULL,
  `src_x` int(11) NOT NULL DEFAULT '0',
  `src_y` int(11) NOT NULL DEFAULT '0',
  `part_width` int(11) NOT NULL DEFAULT '0',
  `part_height` int(11) NOT NULL DEFAULT '0',
  PRIMARY KEY (`pid`)
) ENGINE=MyISAM  DEFAULT CHARSET=utf8 COLLATE=utf8_unicode_ci AUTO_INCREMENT=111 ;

--
-- Dumping data for table `game_shop_style`
--

INSERT INTO `game_shop_style` (`pid`, `sid`, `cost`, `type`, `name`, `message`, `src_x`, `src_y`, `part_width`, `part_height`) VALUES
(1, 0, 100, 1, '帥哥', '', 18, 100, 50, 50),
(2, 1, 5000, 1, '正咩', '', 25, 151, 57, 37),
(3, 2, 6300, 1, '熊熊', '', 0, 0, 0, 0),
(4, 3, 10, 1, '紅紅', '', 0, 0, 0, 0),
(5, 4, 10, 1, '粉粉', '', 0, 0, 0, 0),
(6, 5, 10, 1, '橘橘', '', 0, 0, 0, 0),
(7, 6, 10, 1, '黃黃', '', 0, 0, 0, 0),
(8, 7, 5466, 1, '綠綠<3', '', 0, 0, 0, 0),
(9, 8, 10, 1, '小藍', '', 0, 0, 0, 0);

-- --------------------------------------------------------

--
-- Table structure for table `game_special`
--

CREATE TABLE IF NOT EXISTS `game_special` (
  `pid` int(11) NOT NULL AUTO_INCREMENT,
  `type` smallint(6) NOT NULL,
  `message` text COLLATE utf8_unicode_ci NOT NULL,
  `action_type` smallint(6) NOT NULL,
  `values` int(11) NOT NULL DEFAULT '0',
  `damage` tinyint(4) DEFAULT '0',
  PRIMARY KEY (`pid`)
) ENGINE=MyISAM  DEFAULT CHARSET=utf8 COLLATE=utf8_unicode_ci AUTO_INCREMENT=185 ;

--
-- Dumping data for table `game_special`
--

INSERT INTO `game_special` (`pid`, `type`, `message`, `action_type`, `values`, `damage`) VALUES
(8, 3, '請問網路啟動碼多少錢？|c|4|3|400|600|800|1000', 1, 10, 0),
(2, 4, '傳送點', 2, 71, 0),
(3, 4, '傳送點', 2, 73, 0),
(4, 4, '傳送點', 2, 84, 0),
(5, 4, '傳送點', 2, 90, 0),
(6, 4, '傳送點', 2, 95, 0),
(7, 4, '傳送點', 2, 99, 0),
(9, 3, '住在男11舍的蛋頭想吃東西，卻懶得走到全家買。請問他該去哪買宵夜最近呢？|c|4|1|宵夜街|後門|松苑|小木屋鬆餅', 1, 4, 0),
(10, 3, '有天，阿本和同學在打排球，結果接球時重心不穩摔倒瘀青了。請問受傷該去哪裡治療？|c|4|2|警衛室|衛保組|松苑廣場|依仁堂', 1, 2, 0),
(11, 3, '某個晚上，阿亮約了三五好友在交誼廳聊天打牌。請問哪個宿舍的交誼廳是二十四小時的？|c|4|1|女十四舍|女五舍|女二舍|女三舍', 1, 6, 0),
(12, 3, '大魚聽說中央有「文房四寶」所以決定要去尋找它。請幫助她找到傳說中的文房四寶在哪裡呢？|c|4|1|正門|後門|東門|北門', 1, 9, 0),
(13, 3, '快要放暑假了，阿皓因為要排球暑訓所以要住在學校。請問如果他要申請暑期住宿應該要去哪邊申請？|c|4|2|行政大樓|宿舍服務中心|依仁堂|松苑廣場', 1, 5, 0),
(14, 3, '小庭是個電玩愛好者，到宿舍卻發現沒網路可用，一問之下才知道要先買啟動碼和註冊MAC才行。請問該去哪裡購買網路啟動碼？|c|4|1|行政大樓|宿舍服務中心|依仁堂|松苑廣場', 1, 1, 0),
(15, 3, '有一天，剛上完微積分的英雄，突然發現她忘記要交微積分作業了。請問她應該要去哪裡才可以找到微積分助教？|c|4|4|工程五館|文學二館|科學一館|鴻經館', 1, 5, 0),
(16, 3, '阿賢想要參加熱舞社，卻又害怕不適合自己，想先看看社課的狀況再決定。請問阿賢該去哪裡呢？|c|4|4|小禮堂|大講堂|據德樓|游藝館', 1, 7, 0),
(17, 3, '狸貓聽說中央有一個地方可以欣賞到許多的表演，而且它的位置好像就在文學院旁邊。請問該建築物叫做什麼？|c|4|3|松苑廣場|依仁堂|黑盒子|綜教館', 1, 6, 0),
(18, 3, '阿信是大一新生，今天是他第一次去上大一的英文課，請問大多數大一的英文課都在哪一館上課？|c|4|4|松苑廣場|依仁堂|黑盒子|綜教館', 1, 3, 0),
(19, 3, '請問在男十一舍樓下的書店叫做？|c|4|1|敦煌|阿諾|圖每|龍誠', 1, 9, 0),
(20, 3, '有天羊羊洗衣服發現洗衣粉沒了。請問羊羊該去校園內哪裡購買呢？|c|4|3|依仁堂|松苑廣場|581生活館|桌弄', 1, 10, 0),
(21, 3, '有一天，捲Q想要進入圖書館、英語自學中心。請問他需要有哪一個證件才有辦法進入？ |c|4|4|汽車駕照|健保卡|身分證|學生證', 1, 8, 0),
(22, 3, '為了準備期中考的KK想列印歷年考古題練習，住在女1~4的她不想走那麼遠。請問離她最近的影印店是？|c|4|1|圖美|龍誠|DoubleA|DoubleB', 1, 4, 0),
(23, 3, '炎炎夏日，蟲子想要買思樂冰消暑一下。請問該去哪裡才有7-11呢？|c|4|3|松苑|正門|後門|南門', 1, 4, 0),
(24, 3, '波波受邀參加今晚的熱舞成發，表演地點在宵夜街附近。請問波波應該去哪裡看表演呢？|c|4|1|志道樓|據德樓|游藝館|小禮堂', 1, 2, 0),
(25, 3, '熊貓有次在中大湖散步，發現有一棟很漂亮、很新的大樓。請問這是哪裡呢？|c|4|1|光電大樓|機械大樓|通訊大樓|經濟大樓', 1, 10, 0),
(26, 3, '有天君君在網路上看到某個英文縮寫，一看他就知道是中央大學的網站。請問該縮寫是？|c|4|2|NTU|NCU|NCTU|NTHU', 1, 7, 0),
(27, 3, '請問在黑盒子裡面的電影院名稱叫做？|c|4|4|104|105|106|107', 1, 3, 0),
(28, 3, '香菇想和佳佳晚上一起坐在樹下看流星雨，她們就去每天晚上都看的到流星雨地方！請問是在哪間店旁的樹下呢？|c|4|1|阿諾可麗餅|校園CAFÉ|581生活館|圖美', 1, 4, 0),
(29, 3, '請問中央大學操場的顏色是？|c|4|1|Blue|Green|Black|White', 1, 3, 0),
(30, 3, '小翰跟小景有天晚上在一個很浪漫的地方約會，能看的見發亮的雲。請問他們是在哪裡呢？|c|4|3|校園CAFÉ|中大會館|海音咖啡|觀景台', 1, 6, 0),
(31, 3, '中央有著全世界第一個創立的科系。請問是哪個系？|c|4|4|原住民系|毛利系|南極系|客家系', 1, 5, 0),
(32, 3, '中央大學有很多腳踏車，可以在校園內隨意騎乘。請問這種腳踏車是甚麼顏色的？|c|4|3|Black|White|Green|No Color', 1, 7, 0),
(33, 3, '中央大學裡面的全家都有打＿＿折的優惠！|c|4|4|55|65|75|85', 1, 6, 0),
(34, 3, '若迪老師今天想要重量訓練，所以去了依仁堂的＿＿＿！|c|4|1|重訓室|練舞室|急診室|飲冰室', 1, 10, 0),
(35, 3, '若迪老師重訓完肚子餓了去旁邊松苑裡的＿＿吃個便當好了！|c|4|1|野味|海味|陸味|真魷味', 1, 1, 0),
(36, 3, '咪咪想要增加自己的藝術氣息，於是開始探索中央的美，有次他看到了＿＿＿＿，一眼就認出是朱銘大師的作品。|c|4|1|大象五型|太極拱門|漫步雲端|蘊行', 1, 1, 0),
(37, 3, '身體健康的硬硬今天要去打籃球，不幸的是硬硬在打球的時候扭到腳了！趕快去＿＿＿看看要不要緊！|c|4|2|警衛室|衛保組|松苑廣場|依仁堂', 1, 10, 0),
(38, 3, '阿Q突然想到網路啟動碼還沒有買！不快點去行政大樓的＿＿＿就要關了！|c|4|1|出納組|機動組|課外組|課程組', 1, 5, 0),
(39, 3, '阿亮覺得今天天氣真熱，所以不想曬太陽了，不然去＿＿＿游個泳吧！|c|4|3|室外游泳池|室內排球場|游泳池|壘球場', 1, 9, 0),
(40, 3, '＿＿＿＿又號稱中央101！|c|4|3|男十一舍|女五舍|女十四舍|男七舍', 1, 2, 0),
(41, 3, '在中央有個很美麗的地方，時常會有情侶出沒，偶爾也會有壽星在此慶祝，這裡是＿＿＿！|c|4|1|中大湖|烏龜池|蓮花池|荷花池', 1, 6, 0),
(42, 3, '羊羊跟同系的同學一起約好今天要去看戲，好像是在中央大學裡面一間著名的劇場，＿＿＿。|c|4|1|黑盒子|白盒子|綠盒子|橘盒子', 1, 8, 0),
(43, 3, '感覺有點久沒有念書了呢！所以今天去學校內最高的那間圖書館，＿＿＿＿，認真一下好了。|c|4|1|總圖書館|中正圖書館|中山圖書館|中華圖書館', 1, 7, 0),
(44, 3, '＿＿在中央有著綠色餐廳之稱！|c|4|3|九餐|三餐|七餐|五餐', 1, 8, 0),
(45, 3, '住在男11舍的蛋頭有天打LOL打到很累，想要去買點好兇蛋餅吃補充體力，於是他走到了＿＿＿！|c|4|4|早餐街|晚餐街|午餐街|宵夜街', 1, 6, 0),
(46, 3, '斯斯聽說有棵學校內最老的樹，＿＿＿，想要今天去參觀一下！|c|4|2|國民樹|國泰樹|國安樹|國國樹', 1, 5, 0),
(47, 3, '斯斯終於看見了國泰樹，可是今天天氣實在是太熱了，真是口渴啊！所以決定去學校裡的＿＿＿買個飲料來喝|c|4|1|找道茶|找到查|到找碴|查找到', 1, 8, 0),
(48, 3, '勇昇有天去男十一舍底下的書局，＿＿＿＿，看小說打發時間順便吹吹免費的冷氣!|c|4|1|敦煌書局|冠意書局|毓婷書局 |軒廷書局', 1, 8, 0),
(49, 3, '今天的網路好像怪怪的，不如去＿＿＿問問那邊的服務台好了！|c|4|4|志吸館|志東館|志北館|志希館', 1, 10, 0),
(50, 3, '萬馬起床發現冷氣被關掉了，原先以為是室友惡搞，結果最後才發現是冷氣卡沒錢了，於是他到學校裡的＿＿加值！|c|4|1|Family|7-11|OK|Hi-life', 1, 9, 0),
(51, 3, '凹陷說她約了一些住在＿＿＿＿＿的外國學生，想一起用英文聊個天！|c|4|2|第一招待所|第二招待所|第三招待所|第四招待所', 1, 6, 0),
(52, 3, '洛伊去全家加值冷氣卡，總共花費了＿＿＿元！|c|4|1|500|700|900|1100', 1, 9, 0),
(53, 3, '戰車去全家退已經沒錢的冷氣卡，可以退到＿＿的卡片押金費用。|c|4|4|120|100|70|50', 1, 7, 0),
(54, 3, '某次宅咪看到有同學發生車禍了！快去找教官，教官好像在中正圖書館裡的＿＿＿＿＿的樣子！|c|4|1|學生事務中心|老師事務中心|教官事務中心|教授事務中心', 1, 7, 0),
(55, 3, '遠遠在入學前想先了解中大的大小事，於是遠遠開啟了＿＿＿＿聽介紹！|c|4|2|梅濤電台|松濤電台|竹濤電台|蘭濤電台', 1, 4, 0),
(56, 3, '某次宅咪看到有同學發生車禍了！快去找教官，教官好像在中正圖書館裡的＿＿＿＿＿的樣子！|c|4|1|學生事務中心|老師事務中心|教官事務中心|教授事務中心', 1, 7, 0),
(57, 3, '喜歡玩桌遊的安瑟約了一群好朋友，到女十四舍樓下的＿＿，準備開始大玩特玩！|c|4|3|捉弄|桌遊|桌弄|桌農', 1, 3, 0),
(58, 3, '波波看到鏡子裡的自己，想要去＿＿＿量量體重，感覺自己最近發福了！|c|4|2|警衛室|衛保組|松苑廣場|依仁堂', 1, 4, 0),
(59, 3, '阿賴有天經過＿＿＿＿，發現很多外國人拉著行李箱在外面交談！|c|4|1|中大會館|交大會館|清大會館|陽明會館', 1, 6, 0),
(60, 3, '米奇是系籃的一份子，每天七點準時到＿＿＿搶室內籃球場！|c|4|1|依仁堂|藝人唐|一人堂|伊人堂', 1, 9, 0),
(61, 3, '住在女十四舍的口巴特別早起，到樓下的＿＿＿＿享用早餐！|c|4|3|肯亞漢堡|捷捷漢堡|拉亞漢堡|丹丹漢堡', 1, 5, 0),
(62, 3, '某天小胖走在＿＿＿的路上，突然想到明天要期末考，趕快跑到旁邊的總圖書館K書！|c|4|3|百頁川|百果川|百花川|百束川', 1, 7, 0),
(63, 3, 'Penny一個月沒倒垃圾了，被室友嫌棄的她決定到＿＿＿旁邊的垃圾場處理滿山的垃圾。|c|4|2|男三舍|男九舍|男六舍|男一舍', 1, 5, 0),
(64, 3, '阿瑞住在＿＿＿＿，又稱綠的宿舍，他們要自己輪班打掃廁所！|c|4|1|男十二舍|男十三舍|男十一舍|男十四舍', 1, 9, 0),
(65, 3, '金魚太愛玩電腦導致近視加深，懶得去外面換眼鏡的他，到＿＿＿＿樓下的眼鏡行解決視力的問題！|c|4|1|男十一舍|男十二舍|男十三舍|男十四舍', 1, 4, 0),
(66, 3, 'GAGA最愛的李聖傑要來中央表演，於是他跑去＿＿＿看耶誕旬演唱會的表演！|c|4|2|伊人堂|依仁堂|藝人堂|兩人堂', 1, 2, 0),
(67, 3, '孟儒這天考完爆炸的期末考，想要去男十一舍樓下的＿＿＿＿剪個帥氣的光頭！|c|4|4|楷祥亂剪|軒景瀏海|燕婷設計|印象美髮', 1, 2, 0),
(68, 3, '毛毛是手語社社長，想要張貼活動海報在百花川上的她，去＿＿＿申請海報欄位！|c|4|1|學生會|教師會|松友會|老鼠會', 1, 3, 0),
(69, 3, '甩A有次打完排球肚子餓，就跑去學校裡面的＿＿＿＿吃漢堡薯條！|c|4|1|摩斯漢堡 |麥當勞|肯德基|頂呱呱', 1, 1, 0),
(70, 3, '中央大學最多的樹是＿樹！|c|4|1|松|蘋果|樟|檜', 1, 10, 0),
(71, 3, '英雄每次經過＿＿＿都很開心，因為有很多漂亮女生走在旁邊！|c|4|3|百聲川|賴聲川|百花川|百葉川', 1, 3, 0),
(72, 3, '小傑想去＿＿＿參觀一下中央歷史的文化記載！|c|4|1|校史館|學史館|歷史館|大史館', 1, 7, 0),
(73, 3, '＿＿有宵夜街狗王之稱！|c|4|3|湯麵|蛋白|阿亮|奶茶', 1, 8, 0),
(74, 3, '小美因為很喜歡狗狗，所以加入了學校的＿＿＿！|c|4|1|汪汪社|喵喵社|咚咚社|呼呼社', 1, 2, 0),
(75, 3, '媽媽通知ACE有掛號信寄來，於是ACE跑到＿＿＿＿領取掛號信！|c|4|2|光電大樓|行政大樓|科學大樓|太空大樓', 1, 1, 0),
(76, 3, '某天光亮到女十四舍隔壁的＿＿寄個學生包裹回家。|c|4|1|郵局|銀行|全家|OK', 1, 10, 0),
(77, 3, '有次綠綠電腦壞掉跑到松苑旁的＿＿＿＿專賣店詢問店員意見。|c|4|1|ASUS|ACER|JOKE|HAKE', 1, 9, 0),
(78, 3, '有天菜菜在綜教上英文課，下課後覺得肚子餓的她跑到＿＿＿買鬆餅吃。|c|4|2|白木屋|小木屋|黑木屋|大木屋', 1, 3, 0),
(79, 3, '小梁想搭＿＿＿專車去交大拜訪教授，請教學術上的問題。|c|4|4|北聯大|中聯大|南聯大|台聯大', 1, 8, 0),
(114, 1, '機會', 1, 12, 0),
(115, 1, '機會', 1, 11, 0),
(116, 1, '機會', 1, 10, 0),
(117, 1, '機會', 1, 9, 0),
(118, 1, '機會', 1, 8, 0),
(81, 3, '每年中央都會有＿＿＿＿＿＿，邀請友校社團和校內社團表演，更重要的是會有歌手來演唱喔！|c|4|3|母親節演唱會|情人節演唱會|耶誕旬演唱會|中元節演唱會', 1, 1, 0),
(82, 3, '每年下學期的時候，會有＿＿＿＿＿，由資工系主辦，邀請各方面音樂好手表演！|c|4|2|資管音樂會|資工音樂會|甚麼都不會|以上都不會', 1, 10, 0),
(83, 3, '阿茲要去高鐵站趕回台中參加同學會，他在觀景台搭上＿＿＿往高鐵站去。 |c|4|3|132|133|172|173', 1, 10, 0),
(84, 3, '阿本要去火車站接媽媽來學校，於是他搭＿＿＿前往火車站。|c|4|1|132|155|172|17', 1, 2, 0),
(85, 3, '阿本要去火車站接媽媽來學校，於是他搭＿＿＿前往火車站。|c|4|1|132|155|172|173', 1, 2, 0),
(86, 3, '男生宿舍總共有幾棟呢？( 男9A、9B分開 ) |c|4|4|7|8|9|10', 1, 1, 0),
(87, 3, '女生宿舍總共有幾棟呢？( 女1~4各別分開 ) |c|4|3|4|5|6|7', 1, 10, 0),
(88, 3, '在中央的速食店是？|c|4|4|M|KFC|JJK|MOS', 1, 9, 0),
(89, 3, '在中央裡面的便利商店是？|c|4|1|全家|7-11|OK|萊爾富', 1, 8, 0),
(90, 3, '學校內總共有幾家全家呢？|c|4|3|0|1|2|3', 1, 7, 0),
(91, 3, '在宵夜街裡面的便利商店是？|c|4|2|全家|OK|7-11|萊爾富', 1, 6, 0),
(92, 3, '中大筆墨紙硯的筆是指？|c|4|2|綠色花圃|在台復校紀念碑|前門警衛室|行政大樓', 1, 4, 0),
(93, 3, '中大筆墨紙硯的墨是指？|c|4|3|綠色花圃|在台復校紀念碑|前門警衛室|行政大樓', 1, 8, 0),
(111, 1, '機會', 1, 15, 0),
(112, 1, '機會', 1, 14, 0),
(113, 1, '機會', 1, 13, 0),
(95, 3, '中大筆墨紙硯的紙是指？|c|4|4|綠色花圃|在台復校紀念碑|前門警衛室|行政大樓', 1, 7, 0),
(96, 3, '中大筆墨紙硯的硯是指？|c|4|1|綠色花圃|在台復校紀念碑|前門警衛室|行政大樓', 1, 5, 0),
(97, 3, '公車在校園內總共停留幾站？|c|4|3|3|4|5|6', 1, 6, 0),
(98, 3, '公車在學校的最後一站叫做？|c|4|4|大門|志希館|後門|觀景台', 1, 2, 0),
(99, 3, '光電大樓是以誰命名的？|c|4|1|李國鼎|王頂志|黃逕霆|陳渝郁', 1, 5, 0),
(100, 3, '在女1~4舍旁邊的影印店叫做？|c|4|1|圖美|龍誠|DoubleA|TripleA', 1, 9, 0),
(101, 3, '在宵夜街入口旁的白色建築是？|c|4|2|志德樓|志道樓|據體樓|據道樓', 1, 4, 0),
(102, 3, '資訊工程學系在哪一棟建築？|c|4|2|文2|工5|科4|管1', 1, 4, 0),
(103, 3, '國鼎光電大樓旁的湖叫做？|c|4|1|中大湖|荷花池|烏龜池|中央湖', 1, 1, 0),
(104, 3, '在依仁堂往後門的路上會經過一個廣場叫做？|c|4|3|竹苑|梅苑|松苑|蘭苑', 1, 3, 0),
(105, 3, '網路啟動碼要多少錢呢？|c|4|4|免費|300|500|800', 1, 3, 0),
(106, 3, '冷氣卡加值要多少錢呢？|c|4|3|免費|50|500|1000', 1, 2, 0),
(107, 3, '台灣聯合大學中不包含下列哪一所？|c|4|4|中央大學|交通大學|清華大學|台灣大學', 1, 1, 0),
(108, 3, '台灣聯合大學中除了中央大學還有下列哪一所？|c|4|1|陽明大學|中正大學|中原大學|元智大學', 1, 5, 0),
(109, 3, '在黑盒子旁邊的校園藝術品是？|c|4|2|蘊行|大象五型|漫步雲端|太極拱門', 1, 3, 0),
(110, 3, '中大的校園愛心腳踏車是哪種顏色的？|c|4|3|Red|Blue|Green|Black', 1, 2, 0),
(119, 1, '機會', 1, 7, 0),
(120, 1, '機會', 1, 6, 0),
(121, 1, '機會', 1, 5, 0),
(166, 2, '命運', 1, -25, 1),
(165, 2, '命運', 1, -26, 1),
(164, 2, '命運', 1, -27, 1),
(163, 2, '命運', 1, -28, 1),
(162, 2, '命運', 1, -29, 1),
(161, 2, '命運', 1, -30, 1),
(160, 1, '機會', 1, -5, 1),
(159, 1, '機會', 1, -6, 1),
(150, 1, '機會', 1, -15, 1),
(151, 1, '機會', 1, -14, 1),
(152, 1, '機會', 1, -13, 1),
(153, 1, '機會', 1, -12, 1),
(154, 1, '機會', 1, -11, 1),
(155, 1, '機會', 1, -10, 1),
(156, 1, '機會', 1, -9, 1),
(157, 1, '機會', 1, -8, 1),
(158, 1, '機會', 1, -7, 1),
(167, 2, '命運', 1, -24, 1),
(168, 2, '命運', 1, -23, 1),
(169, 2, '命運', 1, -22, 1),
(170, 2, '命運', 1, -21, 1),
(171, 2, '命運', 1, -20, 1),
(172, 5, '打球太激烈結果手骨折，送去大醫院治療！', 1, -20, 1),
(173, 6, '重訓室訓練時大腿拉傷！傳送到衛保組療傷', 2, 63, 0),
(174, 6, '校運會100公尺冠軍！獲得積木15個', 1, 15, 0),
(175, 7, '亂騎小綠出後門！傳送到垃圾場勞動服務', 2, 58, 0),
(176, 7, '買完早餐發現快遲到了，用全速衝去上英文課！傳送到綜教館上課', 2, 42, 0),
(177, 8, '聽週會演講聽到睡著！傳送到警衛室罰站', 2, 21, 0),
(178, 8, '勇於發問受到演講者讚賞！獲得積木20個', 1, 20, 0),
(179, 9, '與同學們並排走路阻擋腳踏車道！傳送到中大幼稚園當志工', 2, 19, 0),
(180, 9, '為了趕上課，騎車途中手機摔壞！扣除積木15個', 1, -15, 1),
(181, 10, '面試松濤電台DJ成功！獲得積木10個', 1, 10, 0),
(182, 11, '下課後肚子餓買了冰淇淋鬆餅吃！扣除積木5個', 1, -5, 1),
(183, 12, '在正門搭上公車後才發現電腦忘了帶！傳送到女十四舍', 2, 13, 0),
(184, 13, '微積分翹課卻發現老師今天有點名，趕緊衝去教室！傳送到工2', 2, 80, 0);

-- --------------------------------------------------------

--
-- Table structure for table `game_style`
--

CREATE TABLE IF NOT EXISTS `game_style` (
  `pid` int(11) NOT NULL AUTO_INCREMENT,
  `uid` varchar(32) COLLATE utf8_unicode_ci NOT NULL,
  `type` smallint(6) NOT NULL,
  `active` tinyint(4) NOT NULL,
  PRIMARY KEY (`pid`)
) ENGINE=MyISAM  DEFAULT CHARSET=utf8 COLLATE=utf8_unicode_ci AUTO_INCREMENT=5 ;

--
-- Dumping data for table `game_style`
--

INSERT INTO `game_style` (`pid`, `uid`, `type`, `active`) VALUES
(1, '1', 0, 0),
(2, '1', 1, 1),
(3, '2', 5, 1),
(4, '3', 0, 1);

-- --------------------------------------------------------

--
-- Table structure for table `game_user_profile`
--

CREATE TABLE IF NOT EXISTS `game_user_profile` (
  `id` int(11) NOT NULL AUTO_INCREMENT,
  `uid` varchar(32) COLLATE utf8_unicode_ci NOT NULL COMMENT '`general_user_profile`.`uid`',
  `money` int(11) NOT NULL DEFAULT '150',
  `energy` int(11) NOT NULL DEFAULT '100',
  `login_time` timestamp NOT NULL DEFAULT CURRENT_TIMESTAMP ON UPDATE CURRENT_TIMESTAMP,
  `position` smallint(6) NOT NULL DEFAULT '1' COMMENT 'the map''s mid',
  `direction` tinyint(4) NOT NULL DEFAULT '0' COMMENT 'people''s direction(0~3)',
  `data_chance` int(11) NOT NULL DEFAULT '0',
  `data_destiny` int(11) NOT NULL DEFAULT '0',
  `data_money` int(11) NOT NULL DEFAULT '0',
  `data_question` int(11) NOT NULL DEFAULT '0',
  `bonus` tinyint(4) NOT NULL DEFAULT '1',
  `badgod` tinyint(4) NOT NULL DEFAULT '0',
  `all_achievement` tinyint(4) NOT NULL DEFAULT '0',
  PRIMARY KEY (`id`)
) ENGINE=MyISAM  DEFAULT CHARSET=utf8 COLLATE=utf8_unicode_ci AUTO_INCREMENT=22 ;

--
-- Dumping data for table `game_user_profile`
--

INSERT INTO `game_user_profile` (`id`, `uid`, `money`, `energy`, `login_time`, `position`, `direction`, `data_chance`, `data_destiny`, `data_money`, `data_question`, `bonus`, `badgod`, `all_achievement`) VALUES
(1, '009a5e8a57d46f916d9c9f036817c12d', -9801935, 9849, '2013-08-01 13:45:02', 65, 3, 108, 103, 0, 4, 1, 0, 2),
(2, '-1', 20, 13, '2013-08-01 15:03:52', 1, 2, 23, 0, 3, 3, 1, 1, 0),
(3, '3', 0, 0, '2013-07-23 04:26:15', 1, 0, 0, 0, 0, 0, 1, 0, 0),
(4, 'e64c7d89f26bd1972efa854d13d7dd61', 983014, 85, '2013-07-31 15:12:01', 39, 2, 0, 0, 0, 0, 1, 0, 0),
(5, 'b454a6dfa3fc4027914e144dfcec1468', 100, 100, '2013-07-30 02:30:14', 1, 0, 0, 0, 0, 0, 1, 0, 0),
(6, 'a5c1aea2794c5c9faec98960b11133fc', 100, 38, '2013-07-31 05:05:29', 34, 0, 0, 0, 0, 0, 1, 0, 0),
(7, '5c5b8090f1ddaf9cd3ecb309dcafaaa6', 100, 100, '2013-07-31 15:43:49', 1, 0, 0, 0, 0, 0, 1, 0, 0),
(8, 'f82e4bb07f9361e73c70c8f84931ddfe', 100, 100, '2013-07-31 15:45:11', 1, 0, 0, 0, 0, 0, 1, 0, 0),
(9, '0802b2a4075768aa22c516cf1542b946', 100, 100, '2013-07-31 15:45:49', 1, 0, 0, 0, 0, 0, 1, 0, 0),
(10, '76fc6afa68d1e1da575f698ffd9d78fa', 100, 100, '2013-07-31 15:48:14', 1, 0, 0, 0, 0, 0, 1, 0, 0),
(11, '09548bde2388e3f43445dfd1e9fe90af', 0, 79, '2013-08-01 11:22:09', 3, 1, 0, 0, 0, 0, 1, 0, 0),
(12, '0623f3c7e7dc36c55a169948728876b7', 100, 100, '2013-08-01 10:28:26', 1, 0, 0, 0, 0, 0, 1, 0, 0),
(13, 'be21ac26fd0e7285f81f9bc8b3bf5b28', -99, 40, '2013-08-01 10:51:44', 6, 3, 1, 0, 0, 0, 1, 0, 0),
(14, '214acf2c05442c719df82e7207e91f1c', 138935, 919, '2013-08-02 10:32:51', 27, 2, 18, 13, 0, 22, 1, 0, 0),
(15, '2980fc2005de836a9b9edefdf42b9f32', 4348, 9681, '2013-08-02 11:13:52', 27, 0, 31, 43, 0, 7, 1, 0, 0),
(16, '5710f414c9e4e594a13f82a91dac5eab', 139034, 0, '2013-08-03 05:15:26', 80, 2, 9, 8, 139194, 0, 1, 0, 0),
(17, 'c2fdde14747d21129790e9429607a0da', 32481, 0, '2013-08-03 06:08:14', 53, 0, 34, 26, 23102, 0, 1, 0, 0),
(18, 'd4b48b5652d297ae55938ddd35534199', 11316, 0, '2013-08-02 17:06:02', 29, 0, 5, 9, 11544, 0, 1, 0, 0),
(20, '6e171f2f6bedeb49a1d929412c80c938', 150, 100, '2013-08-03 05:00:27', 1, 0, 0, 0, 0, 0, 1, 0, 0),
(19, 'dd41c2ff58e4517a2142904acb118a42', -12, 54, '2013-08-02 12:59:28', 64, 1, 5, 5, 0, 0, 1, 0, 0),
(21, 'e2ff82cf3d75b42ad6b6745d89900e2d', 150, 100, '2013-08-03 05:22:03', 1, 0, 0, 0, 0, 0, 1, 0, 0);

-- --------------------------------------------------------

--
-- Table structure for table `game_using_card`
--

CREATE TABLE IF NOT EXISTS `game_using_card` (
  `pid` int(11) NOT NULL AUTO_INCREMENT,
  `uid` varchar(32) COLLATE utf8_unicode_ci NOT NULL,
  `type` smallint(6) NOT NULL,
  `mid` smallint(6) NOT NULL,
  `available` tinyint(4) NOT NULL DEFAULT '1',
  PRIMARY KEY (`pid`)
) ENGINE=MyISAM  DEFAULT CHARSET=utf8 COLLATE=utf8_unicode_ci AUTO_INCREMENT=162 ;

--
-- Dumping data for table `game_using_card`
--

INSERT INTO `game_using_card` (`pid`, `uid`, `type`, `mid`, `available`) VALUES
(161, '5710f414c9e4e594a13f82a91dac5eab', 5, 70, 1),
(160, '5710f414c9e4e594a13f82a91dac5eab', 5, 70, 1),
(142, '2980fc2005de836a9b9edefdf42b9f32', 5, 97, 1),
(144, '2980fc2005de836a9b9edefdf42b9f32', 5, 64, 0),
(145, '2980fc2005de836a9b9edefdf42b9f32', 5, 64, 0),
(146, '2980fc2005de836a9b9edefdf42b9f32', 5, 96, 0),
(147, '2980fc2005de836a9b9edefdf42b9f32', 5, 96, 0),
(148, '2980fc2005de836a9b9edefdf42b9f32', 5, 44, 0),
(149, '2980fc2005de836a9b9edefdf42b9f32', 5, 44, 0),
(150, '214acf2c05442c719df82e7207e91f1c', 5, 44, 0),
(151, '214acf2c05442c719df82e7207e91f1c', 5, 96, 0),
(152, '214acf2c05442c719df82e7207e91f1c', 5, 64, 0),
(153, '214acf2c05442c719df82e7207e91f1c', 5, 64, 0),
(154, '2980fc2005de836a9b9edefdf42b9f32', 5, 44, 0),
(155, '214acf2c05442c719df82e7207e91f1c', 5, 64, 0),
(156, '214acf2c05442c719df82e7207e91f1c', 5, 64, 0),
(157, '214acf2c05442c719df82e7207e91f1c', 5, 64, 0),
(158, '214acf2c05442c719df82e7207e91f1c', 5, 64, 0);

-- --------------------------------------------------------

--
-- Table structure for table `general_calendar`
--

CREATE TABLE IF NOT EXISTS `general_calendar` (
  `pid` int(11) NOT NULL,
  `type` smallint(6) NOT NULL,
  `date` date NOT NULL,
  `subject` text COLLATE utf8_unicode_ci NOT NULL,
  `detail` text COLLATE utf8_unicode_ci NOT NULL,
  PRIMARY KEY (`pid`)
) ENGINE=MyISAM DEFAULT CHARSET=utf8 COLLATE=utf8_unicode_ci;

-- --------------------------------------------------------

--
-- Table structure for table `general_department`
--

CREATE TABLE IF NOT EXISTS `general_department` (
  `department_id` int(11) NOT NULL,
  `department_name` text COLLATE utf8_unicode_ci NOT NULL,
  PRIMARY KEY (`department_id`)
) ENGINE=MyISAM DEFAULT CHARSET=utf8 COLLATE=utf8_unicode_ci;

--
-- Dumping data for table `general_department`
--

INSERT INTO `general_department` (`department_id`, `department_name`) VALUES
(11, '中文系'),
(52, '資工系');

-- --------------------------------------------------------

--
-- Table structure for table `general_friend`
--

CREATE TABLE IF NOT EXISTS `general_friend` (
  `pid` int(11) NOT NULL AUTO_INCREMENT,
  `uid_me` varchar(32) COLLATE utf8_unicode_ci NOT NULL,
  `uid_him` varchar(32) COLLATE utf8_unicode_ci NOT NULL,
  `last_send` timestamp NOT NULL DEFAULT CURRENT_TIMESTAMP,
  `confirm` tinyint(4) NOT NULL DEFAULT '0',
  PRIMARY KEY (`pid`)
) ENGINE=MyISAM  DEFAULT CHARSET=utf8 COLLATE=utf8_unicode_ci AUTO_INCREMENT=14 ;

--
-- Dumping data for table `general_friend`
--

INSERT INTO `general_friend` (`pid`, `uid_me`, `uid_him`, `last_send`, `confirm`) VALUES
(1, '009a5e8a57d46f916d9c9f036817c12d', '2', '2013-07-15 11:56:42', 0),
(2, '2', '1', '2013-07-15 11:56:42', 0),
(3, '2', '3', '2013-07-18 12:49:21', 0),
(4, '3', '1', '2013-07-15 12:00:23', 0),
(6, '214acf2c05442c719df82e7207e91f1c', 'e64c7d89f26bd1972efa854d13d7dd61', '2013-08-01 13:10:14', 0),
(7, '214acf2c05442c719df82e7207e91f1c', 'a5c1aea2794c5c9faec98960b11133fc', '2013-08-01 13:10:32', 0),
(9, '2980fc2005de836a9b9edefdf42b9f32', '214acf2c05442c719df82e7207e91f1c', '2013-07-30 14:13:22', 1),
(10, '214acf2c05442c719df82e7207e91f1c', '2980fc2005de836a9b9edefdf42b9f32', '2013-07-29 14:16:31', 1),
(11, '5710f414c9e4e594a13f82a91dac5eab', '2980fc2005de836a9b9edefdf42b9f32', '2013-08-02 05:12:07', 1),
(12, '5710f414c9e4e594a13f82a91dac5eab', 'a5c1aea2794c5c9faec98960b11133fc', '2013-08-02 05:12:28', 0),
(13, '2980fc2005de836a9b9edefdf42b9f32', '5710f414c9e4e594a13f82a91dac5eab', '2013-08-02 06:34:10', 1);

-- --------------------------------------------------------

--
-- Table structure for table `general_news`
--

CREATE TABLE IF NOT EXISTS `general_news` (
  `id` int(11) NOT NULL AUTO_INCREMENT,
  `auth_id` varchar(32) COLLATE utf8_unicode_ci NOT NULL,
  `post_time` datetime NOT NULL,
  `views` int(11) NOT NULL,
  `title` varchar(30) COLLATE utf8_unicode_ci NOT NULL,
  `content` text COLLATE utf8_unicode_ci NOT NULL,
  `to_top` enum('true','false') COLLATE utf8_unicode_ci NOT NULL,
  `visable` enum('true','false') COLLATE utf8_unicode_ci NOT NULL,
  PRIMARY KEY (`id`),
  KEY `id` (`id`)
) ENGINE=MyISAM  DEFAULT CHARSET=utf8 COLLATE=utf8_unicode_ci AUTO_INCREMENT=7 ;

--
-- Dumping data for table `general_news`
--

INSERT INTO `general_news` (`id`, `auth_id`, `post_time`, `views`, `title`, `content`, `to_top`, `visable`) VALUES
(1, '009a5e8a57d46f916d9c9f036817c12d', '2013-07-25 08:52:01', 0, '123', '123', 'true', 'true'),
(2, '009a5e8a57d46f916d9c9f036817c12d', '2013-07-25 08:52:29', 0, '123', '123', '', 'true'),
(3, '009a5e8a57d46f916d9c9f036817c12d', '2013-07-25 09:29:22', 0, '內容', '中文1\r\n第二行\r\n這是第三行\r\n第四行\r\n第五行…\r\n第六…\r\n行', 'true', 'true'),
(4, '009a5e8a57d46f916d9c9f036817c12d', '2013-07-25 09:29:33', 0, '內容', '中文1\r\n第二行\r\n這是第三行\r\n第四行\r\n第五行…\r\n第六…\r\n行', 'true', 'true'),
(5, '009a5e8a57d46f916d9c9f036817c12d', '2013-07-25 09:29:40', 0, '內容', '中文1\r\n第二行\r\n這是第三行\r\n第四行\r\n第五行…\r\n第六…\r\n行', 'true', 'true'),
(6, '009a5e8a57d46f916d9c9f036817c12d', '2013-07-25 09:32:28', 0, '內容', '5\r\n5\r\n5\r\n5\r\n55\r\n51515\r\n213132\r\n', 'true', 'true');

-- --------------------------------------------------------

--
-- Table structure for table `general_user_profile`
--

CREATE TABLE IF NOT EXISTS `general_user_profile` (
  `id` int(11) NOT NULL AUTO_INCREMENT COMMENT 'CONSTRAINT FOREIGN KEY (department_id) REFERENCES general_department(department_id)',
  `uid` varchar(32) COLLATE utf8_unicode_ci NOT NULL,
  `username` varchar(32) COLLATE utf8_unicode_ci NOT NULL,
  `password` varchar(32) COLLATE utf8_unicode_ci NOT NULL,
  `name` varchar(10) COLLATE utf8_unicode_ci NOT NULL,
  `sex` enum('m','f') COLLATE utf8_unicode_ci NOT NULL,
  `nickname` varchar(20) COLLATE utf8_unicode_ci NOT NULL,
  `fb` varchar(40) COLLATE utf8_unicode_ci NOT NULL,
  `department_id` int(5) NOT NULL COMMENT '`general_department`.`department_id`',
  `grade` enum('一','二','三','四') COLLATE utf8_unicode_ci NOT NULL,
  `high_school` varchar(25) COLLATE utf8_unicode_ci NOT NULL,
  `birthday` date NOT NULL,
  `skin_id` int(11) NOT NULL DEFAULT '5',
  `level` tinyint(4) NOT NULL DEFAULT '99',
  PRIMARY KEY (`id`),
  UNIQUE KEY `uid` (`uid`),
  UNIQUE KEY `username` (`username`),
  UNIQUE KEY `id` (`id`)
) ENGINE=MyISAM  DEFAULT CHARSET=utf8 COLLATE=utf8_unicode_ci COMMENT='user profile' AUTO_INCREMENT=30 ;

--
-- Dumping data for table `general_user_profile`
--

INSERT INTO `general_user_profile` (`id`, `uid`, `username`, `password`, `name`, `sex`, `nickname`, `fb`, `department_id`, `grade`, `high_school`, `birthday`, `skin_id`, `level`) VALUES
(8, '009a5e8a57d46f916d9c9f036817c12d', 'andy199310@gmail.com', 'f4384eb91081c064e64de12b316b650d', '綠綠', 'f', 'Green', 'https://www.facebook.com/profi', 11, '一', '中山女高', '2004-02-29', 0, 99),
(-1, '-1', '新禮物發放者', '', '', '', '禮物發放者', '', 11, '', '', '0000-00-00', 1, 20),
(9, 'wdwefe', '嘿嘿', 'ee', 'ee', 'f', 'dede', 'ee', 11, '三', '失敗高中', '0000-00-00', 1, 99),
(10, '12', '哈哈', 'regijwirgm', 'ior45jgyt[', 'm', 'tgetg', 'gtgtgt', 11, '三', 'ergg', '2013-07-10', 1, 99),
(11, '15', '1515151', 'edede', 'ded', 'm', 'edede', 'dede', 11, '二', '景美XD', '2013-07-10', 1, 99),
(12, 'e64c7d89f26bd1972efa854d13d7dd61', 'admin@example.com', 'f4384eb91081c064e64de12b316b650d', '綠綠', 'f', '還是綠綠', '', 11, '一', '北一女中', '1994-01-19', 6, 99),
(13, 'b454a6dfa3fc4027914e144dfcec1468', 'h@h.h', 'f4384eb91081c064e64de12b316b650d', 'test', 'm', 'test', '', 52, '三', 'eded', '1994-01-19', 1, 99),
(14, 'a5c1aea2794c5c9faec98960b11133fc', 'ilove77gj@gmail.com', '9ec80b80a195f9f341ee446256e378da', '梁文瑜', 'f', '打魚', '', 52, '二', '薇閣中學', '1993-10-20', 1, 99),
(15, '5c5b8090f1ddaf9cd3ecb309dcafaaa6', 'hi@hi.com', '516b5f4a975ccbe527724ecda84b9c5f', 'ddd', 'm', 'ddd', '', 11, '一', 'ededed', '1994-01-24', 1, 99),
(16, 'f82e4bb07f9361e73c70c8f84931ddfe', 'hi@hi.com.tw', 'bdae766ba079ac2253d2efd5f3a35e57', 'www', 'f', 'www', '', 11, '一', 'eded', '1994-01-18', 1, 99),
(17, '0802b2a4075768aa22c516cf1542b946', 'hi@hi.com.com', 'bdae766ba079ac2253d2efd5f3a35e57', 'ede', 'm', 'eded', '', 11, '一', 'ededed', '1994-01-27', 0, 99),
(18, '76fc6afa68d1e1da575f698ffd9d78fa', 'hi@hi.com.cog', 'bdae766ba079ac2253d2efd5f3a35e57', 'gtgtg', 'f', 'tgtgt', '', 11, '一', 'qq', '1994-01-18', 1, 99),
(19, '09548bde2388e3f43445dfd1e9fe90af', 'comeinhere@yahoo.com.tw', '5588921ecfbdf70161fa295d51bd9f76', '帥帥', 'm', 'handsome', '', 52, '一', '唬爛高中', '1993-01-20', 0, 99),
(20, '0623f3c7e7dc36c55a169948728876b7', 'qwer@qwer.com.tw', '4dd796ad0dcdb77432e0c96fbe3242e1', 'QweR', 'm', 'QweR', '', 52, '二', 'HCHS', '1994-04-28', 0, 99),
(21, 'be21ac26fd0e7285f81f9bc8b3bf5b28', 'qwer@qwer.com', '4dd796ad0dcdb77432e0c96fbe3242e1', 'QweR', 'm', 'QweR', '', 52, '二', 'HCHS', '1994-04-28', 0, 99),
(22, '214acf2c05442c719df82e7207e91f1c', 'andy199310@weigreen.com', '48c1117d9646d9f8eed3b80c73b95d02', '綠綠', 'f', '綠綠', '', 11, '一', '中山女高', '1994-01-04', 7, 99),
(23, '2980fc2005de836a9b9edefdf42b9f32', 'inin610719@hotmail.com', '784af50cbc1fd231ea44689c284b6e6e', '陳映亦', 'm', '硬硬', '', 52, '三', '台南一中', '1992-03-19', 0, 99),
(24, '5710f414c9e4e594a13f82a91dac5eab', 'david35004@gmail.com', 'c14e12d26bce4f9ab77425548b131796', '許國信', 'm', '阿信', '', 52, '二', '松山高中', '1994-04-26', 0, 99),
(25, 'c2fdde14747d21129790e9429607a0da', 'abc50604@yahoo.com.tw', '64c9307d02a58e85b158eef3948367de', '張鈞豪', 'm', '洛伊', '', 52, '二', '屏東高中', '1993-10-10', 0, 99),
(26, 'd4b48b5652d297ae55938ddd35534199', 'cindy018001@gmail.com', '4ef4245a1ae4b6b034daef27f0723e0a', '王斯郁', 'f', '斯斯', '', 52, '二', '文華高中', '1994-05-19', 6, 99),
(27, 'dd41c2ff58e4517a2142904acb118a42', '100502059@cc.ncu.edu.tw', 'ecb1c7fae5a4088533aa94c0124e6527', '許子亮', 'm', '瘦亮', '', 11, '一', '神經病高中', '1992-01-23', 0, 99),
(28, '6e171f2f6bedeb49a1d929412c80c938', 'testtest1234@yahoo.com.tw', '9377a2f9c7b985e90d09f9f19dbc5d40', 'TEST', 'f', 'testtest', '', 52, '二', '哈嚕哈嚕', '1994-01-18', 1, 99),
(29, 'e2ff82cf3d75b42ad6b6745d89900e2d', 'betty171920@yahoo.com.tw', '9377a2f9c7b985e90d09f9f19dbc5d40', 'HAHA', 'f', 'TEST', '', 52, '四', '中文系', '1994-01-11', 1, 99);

--
-- Triggers `general_user_profile`
--
DROP TRIGGER IF EXISTS `Add`;
DELIMITER //
CREATE TRIGGER `Add` BEFORE INSERT ON `general_user_profile`
 FOR EACH ROW BEGIN
IF NEW.sex = 'm' THEN
	SET NEW.skin_id = 0;
	INSERT INTO `game_owned_style` (`uid`, `sid`) VALUES (NEW.uid, '0');
ELSE
	SET NEW.skin_id = 1;
	INSERT INTO `game_owned_style` (`uid`, `sid`) VALUES (NEW.uid, '1');
END IF;
END
//
DELIMITER ;

-- --------------------------------------------------------

--
-- Table structure for table `profile_message`
--

CREATE TABLE IF NOT EXISTS `profile_message` (
  `pid` int(11) NOT NULL AUTO_INCREMENT,
  `uid_from` varchar(32) COLLATE utf8_unicode_ci NOT NULL,
  `uid_to` varchar(32) COLLATE utf8_unicode_ci NOT NULL,
  `message` text COLLATE utf8_unicode_ci NOT NULL,
  `time` timestamp NOT NULL DEFAULT CURRENT_TIMESTAMP,
  `available` tinyint(4) NOT NULL DEFAULT '1',
  PRIMARY KEY (`pid`)
) ENGINE=MyISAM  DEFAULT CHARSET=utf8 COLLATE=utf8_unicode_ci AUTO_INCREMENT=15 ;

--
-- Dumping data for table `profile_message`
--

INSERT INTO `profile_message` (`pid`, `uid_from`, `uid_to`, `message`, `time`, `available`) VALUES
(1, '009a5e8a57d46f916d9c9f036817c12d', '009a5e8a57d46f916d9c9f036817c12d', 'close~~~~', '2013-08-01 08:02:53', 1),
(2, '2980fc2005de836a9b9edefdf42b9f32', '214acf2c05442c719df82e7207e91f1c', '安安你好，我是硬硬，我加你好友嚕，很高興認識你:)', '2013-08-01 14:13:22', 1),
(3, '214acf2c05442c719df82e7207e91f1c', '2980fc2005de836a9b9edefdf42b9f32', '安安你好，我是綠綠，我加你好友嚕，很高興認識你:)', '2013-08-01 14:16:31', 0),
(4, '214acf2c05442c719df82e7207e91f1c', '2980fc2005de836a9b9edefdf42b9f32', '你為甚麼要刪我好友QAQQQQQQQQQQQQQQQQQQQQQQ', '2013-08-01 14:17:12', 1),
(5, '5710f414c9e4e594a13f82a91dac5eab', '2980fc2005de836a9b9edefdf42b9f32', '安安你好，我是阿信，我加你好友嚕，很高興認識你:)', '2013-08-02 05:12:07', 1),
(6, '5710f414c9e4e594a13f82a91dac5eab', 'a5c1aea2794c5c9faec98960b11133fc', '安安你好，我是阿信，我加你好友嚕，很高興認識你:)', '2013-08-02 05:12:28', 1),
(7, '2980fc2005de836a9b9edefdf42b9f32', '5710f414c9e4e594a13f82a91dac5eab', '安安你好，我是硬硬，我加你好友嚕，很高興認識你:)', '2013-08-02 06:34:10', 1),
(8, '214acf2c05442c719df82e7207e91f1c', '214acf2c05442c719df82e7207e91f1c', 'h\nh\nh\nh\nh\nh\nh\nh', '2013-08-02 06:59:16', 1),
(9, '214acf2c05442c719df82e7207e91f1c', '214acf2c05442c719df82e7207e91f1c', 'l\nl\nl\nl\nl\nl\nl\nl\nl\nl\nll\nl\n\nll\nl\n\nll\nl\nl\nl\n\nl\n\n\n\n\n\n\n\n\n\n\n\n\n\n\n\n\n\n\n\n\n\nl', '2013-08-02 11:02:50', 1),
(10, '214acf2c05442c719df82e7207e91f1c', '2980fc2005de836a9b9edefdf42b9f32', 'Hihihihiihihiihihiihihiih', '2013-08-02 11:15:24', 1),
(11, 'dd41c2ff58e4517a2142904acb118a42', 'dd41c2ff58e4517a2142904acb118a42', '有沒有人啊\n', '2013-08-02 13:14:38', 1),
(12, 'dd41c2ff58e4517a2142904acb118a42', 'dd41c2ff58e4517a2142904acb118a42', 'DD', '2013-08-02 13:14:49', 1),
(13, 'd4b48b5652d297ae55938ddd35534199', 'd4b48b5652d297ae55938ddd35534199', '123test', '2013-08-02 17:01:20', 0),
(14, 'd4b48b5652d297ae55938ddd35534199', 'd4b48b5652d297ae55938ddd35534199', '123\n', '2013-08-02 18:27:48', 0);

-- --------------------------------------------------------

--
-- Table structure for table `video_message`
--

CREATE TABLE IF NOT EXISTS `video_message` (
  `mid` int(11) NOT NULL AUTO_INCREMENT,
  `uid` varchar(32) COLLATE utf8_unicode_ci NOT NULL,
  `vid` int(5) NOT NULL,
  `msg` text COLLATE utf8_unicode_ci NOT NULL,
  `time` datetime NOT NULL,
  PRIMARY KEY (`mid`)
) ENGINE=MyISAM  DEFAULT CHARSET=utf8 COLLATE=utf8_unicode_ci AUTO_INCREMENT=6 ;

--
-- Dumping data for table `video_message`
--

INSERT INTO `video_message` (`mid`, `uid`, `vid`, `msg`, `time`) VALUES
(1, '009a5e8a57d46f916d9c9f036817c12d', 1, '哈哈', '2013-07-29 22:38:43'),
(2, '09548bde2388e3f43445dfd1e9fe90af', 1, '123456', '2013-08-01 19:25:21'),
(3, '09548bde2388e3f43445dfd1e9fe90af', 1, 'bnv,jghlkjhmnjhuh', '2013-08-01 19:31:44'),
(4, '09548bde2388e3f43445dfd1e9fe90af', 1, '66', '2013-08-01 19:50:40'),
(5, 'd4b48b5652d297ae55938ddd35534199', 1, 'yayaya', '2013-08-03 01:02:51');

-- --------------------------------------------------------

--
-- Table structure for table `video_videoid`
--

CREATE TABLE IF NOT EXISTS `video_videoid` (
  `vid` int(11) NOT NULL AUTO_INCREMENT,
  `videoid` text COLLATE utf8_unicode_ci NOT NULL,
  PRIMARY KEY (`vid`)
) ENGINE=MyISAM  DEFAULT CHARSET=utf8 COLLATE=utf8_unicode_ci AUTO_INCREMENT=8 ;

--
-- Dumping data for table `video_videoid`
--

INSERT INTO `video_videoid` (`vid`, `videoid`) VALUES
(1, '4ua64HbsBUo'),
(2, 'NGdyaDnnrLM'),
(3, '35hCo_grAqw'),
(4, 'r-qhj3sJ5qs'),
(5, 'MMSjOVkkQiE'),
(6, 'wuvoCVCAX9k'),
(7, 'xwg2Hpf4ta8');

/*!40101 SET CHARACTER_SET_CLIENT=@OLD_CHARACTER_SET_CLIENT */;
/*!40101 SET CHARACTER_SET_RESULTS=@OLD_CHARACTER_SET_RESULTS */;
/*!40101 SET COLLATION_CONNECTION=@OLD_COLLATION_CONNECTION */;
